START,STOP,PATIENT,ENCOUNTER,CODE,DESCRIPTION
2001-05-01,,1d604da9-9a81-4ba9-80c2-de3375d59b40,8f104aa7-4ca9-4473-885a-bba2437df588,40055000,Chronic sinusitis (disorder)
2011-08-09,2011-08-16,8d4c4326-e9de-4f45-9a4c-f8c36bff89ae,9d35ec9f-352a-4629-92ef-38eae38437e7,444814009,Viral sinusitis (disorder)
2011-11-16,2011-11-26,8d4c4326-e9de-4f45-9a4c-f8c36bff89ae,ae7555a9-eaff-4c09-98a7-21bc6ed1b1fd,195662009,Acute viral pharyngitis (disorder)
2011-05-13,2011-05-27,10339b10-3cd1-4ac3-ac13-ec26728cb592,e1ab4933-07a1-49f0-b4bd-05500919061d,10509002,Acute bronchitis (disorder)
2011-02-06,2011-02-14,f5dcd418-09fe-4a2f-baa0-3da800bd8c3a,b8f76eba-7795-4dcd-a544-f27ac2ef3d46,195662009,Acute viral pharyngitis (disorder)
2011-04-18,2011-04-28,f5dcd418-09fe-4a2f-baa0-3da800bd8c3a,640837d9-845a-433c-9fad-47426664a69d,195662009,Acute viral pharyngitis (disorder)
2011-11-29,2011-12-13,f5dcd418-09fe-4a2f-baa0-3da800bd8c3a,8c929690-1826-4b84-81c9-b36f40f21763,444814009,Viral sinusitis (disorder)
2011-12-31,2012-01-07,f5dcd418-09fe-4a2f-baa0-3da800bd8c3a,16300c56-a035-4126-a656-68c093da6dfc,10509002,Acute bronchitis (disorder)
2011-12-08,2011-12-22,1d604da9-9a81-4ba9-80c2-de3375d59b40,792fae81-a007-44b0-8221-46953737b089,444814009,Viral sinusitis (disorder)
2016-12-29,2017-01-05,034e9e3b-2def-4559-bb2a-7850888ae060,3b639086-5fbc-4720-8c31-e8c8c0f1d660,10509002,Acute bronchitis (disorder)
2011-08-11,2011-09-01,10339b10-3cd1-4ac3-ac13-ec26728cb592,470ccc46-0d6b-4a60-9f52-f3adaa7ac08f,444814009,Viral sinusitis (disorder)
2019-03-20,2019-04-10,1d604da9-9a81-4ba9-80c2-de3375d59b40,4e595f0c-f50f-461b-a04e-13b4e492350e,444814009,Viral sinusitis (disorder)
2015-12-06,2015-12-14,8d4c4326-e9de-4f45-9a4c-f8c36bff89ae,5818152d-9893-4ed3-a02f-7099bdcedbd0,43878008,Streptococcal sore throat (disorder)
2017-01-22,2017-02-12,10339b10-3cd1-4ac3-ac13-ec26728cb592,4ec8d55b-05fc-42a5-bfa3-1e233874a362,284551006,Laceration of foot
2019-04-23,2019-05-07,10339b10-3cd1-4ac3-ac13-ec26728cb592,27ff7518-6d93-4308-8a1d-d2dfb02c0c58,10509002,Acute bronchitis (disorder)
2016-07-03,2016-07-16,f5dcd418-09fe-4a2f-baa0-3da800bd8c3a,03a1b666-eda5-44e9-b263-18e6e533ffce,195662009,Acute viral pharyngitis (disorder)
2013-09-27,2013-11-22,b1e9b0b9-da6e-4f68-b603-bd896a50ca86,004afbc0-d906-4f37-b9d1-5e283578242e,75498004,Acute bacterial sinusitis (disorder)
2013-11-15,,b1e9b0b9-da6e-4f68-b603-bd896a50ca86,09e946c1-67fd-4234-93e0-a560373f8b08,40055000,Chronic sinusitis (disorder)
2018-05-23,2018-06-20,72c0b9ce-7aa4-430b-aaff-bd0ce7846e55,85a37b35-2f66-41fb-9274-36101371a9c8,70704007,Sprain of wrist
2017-10-31,2017-11-14,b1e9b0b9-da6e-4f68-b603-bd896a50ca86,b0e64c9c-26f9-404d-a60d-b75997a4e072,10509002,Acute bronchitis (disorder)
2019-12-05,2019-12-12,b1e9b0b9-da6e-4f68-b603-bd896a50ca86,52825d9e-3116-44cd-813d-ce1178f4b401,10509002,Acute bronchitis (disorder)
2018-11-19,2019-01-03,72c0b9ce-7aa4-430b-aaff-bd0ce7846e55,2ddeea4b-cd90-4294-9519-ada1e1bd4d59,65363002,Otitis media
2019-05-03,2019-07-04,72c0b9ce-7aa4-430b-aaff-bd0ce7846e55,bc12ab28-03b1-40c3-aac7-3fe2db5ff94d,65363002,Otitis media
2004-07-31,,b58731cc-2d8b-4c2d-b327-4cab771af3ef,c855eddb-1301-493b-b1b1-7f5c3c5a934f,162864005,Body mass index 30+ - obesity (finding)
2014-05-05,2014-06-24,b58731cc-2d8b-4c2d-b327-4cab771af3ef,6fd85194-b6ad-48e9-8d2b-ac19318eacea,38822007,Cystitis
2014-07-08,2014-09-06,b58731cc-2d8b-4c2d-b327-4cab771af3ef,3a36836d-da25-4e73-808b-972b669b7e4e,65966004,Fracture of forearm
2016-03-20,,b58731cc-2d8b-4c2d-b327-4cab771af3ef,d870177c-5819-4ca7-b802-545ef9ba5f11,196416002,Impacted molars
2018-05-26,2019-01-05,b58731cc-2d8b-4c2d-b327-4cab771af3ef,42cf4e99-a963-4fcc-a3c6-17bcc82876c1,72892002,Normal pregnancy
2017-03-02,2017-03-12,cfee79fc-df05-476e-b274-43e09ea345db,ea72d7e2-12ea-4310-83fe-d86549855cfb,195662009,Acute viral pharyngitis (disorder)
2018-07-24,2018-12-10,cfee79fc-df05-476e-b274-43e09ea345db,748a5ec3-232a-4bf1-b03e-bae039479c0b,65363002,Otitis media
2012-01-28,2012-02-11,ad2e9916-4979-40fc-a8c0-68651a0cb5a6,ede20e08-2815-4869-a208-0b4e0868a388,10509002,Acute bronchitis (disorder)
2017-10-19,2017-10-26,ad2e9916-4979-40fc-a8c0-68651a0cb5a6,33b51eae-9362-4581-8446-7f2872140692,444814009,Viral sinusitis (disorder)
2010-03-17,2011-03-16,bfb6537b-535a-4f31-9a56-073220f96a17,20e38aa9-1961-479c-8504-4c7d016813d3,36971009,Sinusitis (disorder)
2010-09-01,2011-03-30,bfb6537b-535a-4f31-9a56-073220f96a17,910cf468-36e3-4468-9606-13d2b70c19ef,72892002,Normal pregnancy
2010-09-01,,bfb6537b-535a-4f31-9a56-073220f96a17,22661173-a731-43e8-b308-7d144af2fb0e,40055000,Chronic sinusitis (disorder)
2015-08-19,2015-09-09,bfb6537b-535a-4f31-9a56-073220f96a17,b501f7fb-039b-436a-8641-e8799c4a36e2,72892002,Normal pregnancy
2017-07-31,2017-08-10,bfb6537b-535a-4f31-9a56-073220f96a17,8d7039da-c1d6-4656-91fd-fbe7f7875c64,43878008,Streptococcal sore throat (disorder)
2017-09-13,2018-04-18,bfb6537b-535a-4f31-9a56-073220f96a17,2f998592-fdec-484a-a032-ab757e0a5106,72892002,Normal pregnancy
2017-09-13,2018-04-18,bfb6537b-535a-4f31-9a56-073220f96a17,2f998592-fdec-484a-a032-ab757e0a5106,271737000,Anemia (disorder)
2018-10-17,2018-11-07,bfb6537b-535a-4f31-9a56-073220f96a17,39f19ecf-52d1-44fb-89c6-e89eab61b9f1,72892002,Normal pregnancy
2018-11-10,2018-11-17,bfb6537b-535a-4f31-9a56-073220f96a17,57567734-82fb-45a5-9533-8c1b56d73168,444814009,Viral sinusitis (disorder)
2019-05-01,2019-05-08,bfb6537b-535a-4f31-9a56-073220f96a17,182e70f7-1c95-42b8-8a5a-6b4409fb2e22,72892002,Normal pregnancy
2019-05-01,,bfb6537b-535a-4f31-9a56-073220f96a17,182e70f7-1c95-42b8-8a5a-6b4409fb2e22,19169002,Miscarriage in first trimester
2019-05-01,2019-05-08,bfb6537b-535a-4f31-9a56-073220f96a17,182e70f7-1c95-42b8-8a5a-6b4409fb2e22,156073000,Fetus with unknown complication
2019-09-11,,bfb6537b-535a-4f31-9a56-073220f96a17,adae56f4-258a-4ffd-b56c-da4f14f26037,15777000,Prediabetes
2007-08-01,,83719bd7-7a41-4c87-93f9-c5de4db6a14a,178f40d0-cb74-4c11-b897-0052093ccf7a,59621000,Hypertension
2013-07-03,2013-07-17,83719bd7-7a41-4c87-93f9-c5de4db6a14a,ffd8c7f8-df1c-4316-954c-0802d6bf1526,72892002,Normal pregnancy
2013-07-03,,83719bd7-7a41-4c87-93f9-c5de4db6a14a,ffd8c7f8-df1c-4316-954c-0802d6bf1526,19169002,Miscarriage in first trimester
2013-07-03,2013-07-17,83719bd7-7a41-4c87-93f9-c5de4db6a14a,ffd8c7f8-df1c-4316-954c-0802d6bf1526,156073000,Fetus with unknown complication
