text,labels
"Personally, I thank the half hour that wake up thread existed for this W",gratitude
What’s the clip from? I’m scared to put “teen boy good kisser 900 number” into YouTube,
/uj I’d use a vegan-marketed version of that for tofu or even potatoes,
I’m sure mueller was stumped on this until he hopped on reddit and saw this sound advice,
They just forgot to key in your lunch breaks. Still be happy you’re getting 40,joy
"screenings only at disney land / world, no stream or disk releases. that could work.",
"The Gra was very anti-Chassidus, including [NAME]. ",
He qualified for the winter skirmish which was top 200 out of millions who tried.,
Kid has a disease/condition where his skin falls off at the slightest touch,
Thanks for sharing. They also have an Amazon wishlist (linked from the comfortcases page) as another way to donate!,gratitude
But you said it was just that one time right? Could have been a fluke.,
Lol. Weed is a he'll of a drug. I'm not changing a thing. Prey away.,
"EVERYTHING in a house that smoked in, will smell like smoke",
"[NAME] got some baby making to do, needs the break",
"According to them, it's perfectly acceptable to have intimacy with a woman and then ghost/block her number. Lol.",amusement
"Ah, info not previously known. Knowing that, I probably would’ve done the same. ",
Yeah lets celebrate that only one guy (well maybe put dirk and [NAME] up with him) has come to play.,
This. Making my animals happy is one of the only things that makes me happy.,joy
"Besides, his expenses are off. If OP lost their job, they wouldn't need childcare anymore...",
"Thanks for the reply! I’ll probably just smoke, as you said, once maybe twice a month. Thanks again!",gratitude
Great news. Hopefully we can get a PLP that is more representative of the membership.,optimism
"Awesome ! That will be worth multitudes one day for certain. And such a classy gentleman, [NAME] is the best in NHL",admiration
"""[NAME] remains being [NAME]"" is absolutely perfect.",
"*sighs* One day Blizzard will finally understand that [NAME] teleport is what needs changing and not his damn passive ability. For now, the dream must remain a dream....",
"I swear to [NAME], these offseason dream/hypothetical lineups get me rock solid every single time. I love it",love
"That's weird to hear since in Hebrew ""Son of man""- Ben Adam, simply refers to humans in general.",
"> people who drink slightly above the recommended amount. Yeah, because that's always an accurate summary.",
Both me and my bf pee in the shower together hahahaha,
Which is one of the many reasons it should be paid.,
It'll still be beautiful! They'll just have to be prepared to get a bit damp!,admiration
"someone should people have been commenting on the old tweet the past little while, as it got resurfaced",
"[NAME] isn't facilitating anything between South and North Korea. The only thing he can take credit for is no longer threatening ""fire and fury.""",
Clubhouse distraction when you can't finish between innings and you still have to go out there with a full mast tho,
I completely despise bixby with the intensity of the sun.,
Only fair - although they they could have reported it as 0-0 since ND never showed up.,
"All. I too, am drunk, and will be enjoying half price burgers at Whitlow's once my appetite kicks in. ",
Beautiful yet sad that his relationship ended in ‘45 the same way most of mine do...with cheating,sadness
I'm curious as to how to explain this to a young child? I will like I flounder at this.,curiosity
"Lol, well if it's any consolation, I thought it was funny",amusement
Tell us more about this magical potion. How do we craft it,
Reddit is losing their heads on /r/worldnews and suddenly they're a huge fan of [NAME].,
Honestly I’ve seen kids that age do really gross stuff,
"Too late. Gooble gobble, gooble gobble. We accept you. One of us.",
Mostly because of the hype. I love going out with my friends!,love
The fact that kids can't be failed without parental agreement is no sign that they're learning anything or improving when they advance in the education system.,
Sorry that's a mistype. I mean equally irresponsible,
"Most of them keep it on the down-low, but, yeah, they voted and support [NAME]. Only one of the brother-in-laws didn't vote for him. ",
remember when he scored 4 tries in a game? that was cool,
Relapsing will give you a maximum of 10 seconds of pleasure. Not relapsing will give you a life long of pleasure. The choice is yours.,
"[NAME] is the second biggest loser in TV history though, behind only [NAME]. ",
It's beautiful. I would eat it with gusto. Do something more shitty in the future,admiration
Yeah we should be going to him every possession. The Sund don’t have anyone who can guard him.,
You'd have to explain what that means to you first. It's such a nebulous phrase it's never meant much of anything to me.,
Real. I did it yesterday when there was a large spider trying to hitchhike in my car,
"THAT IS A $200 PLASMA SCREEN TV YOU JUST KILLED, i also loved the way he walked into the room all mad, lol",amusement love
Conservatives love to agree with cryptofacists and pretend all accusations are a smear campaign.,approval love
Ok so now you know what this dude is about. Give him no more chances and move on past him asap.,
"It absolutely is. Sadly, most players seem to only want [NAME] with different aesthetics.",
The secret is you have to ice them for ten minutes.,
"Service Ontario isn't a ministry, and I don't believe you're close friends with the heads of two ministries at all. ",
I will bet you $1000 this drags on until 2020 because [NAME] is 100% the naked partisan hack he is purported to be.,
"Nope, not me. I am primarily a cyclist and drive as little as possible.",
"If [NAME], upon becomming Premier actually funds solar, wind or other renewable energy projects with Government of Alberta money I will eat my tuque.",
"This exchange made my day. From a female doc, thanks for getting it. ",gratitude
"Bro tip: If you try this but still can't find any 10s, you can still have an extremely mediocre threesome with 2 5s",
Now watch this place decend into the same voidless pits that r/soccer belongs to Bring on the half n half OF scarfs,
We've got a long way to go and a short time to get there. Literally like an hour.,
">zucchini Literally LOL! I'm trying not to wake my sleeping husband, but I can't stop laughing!",amusement
He’ll have ptsd every time he sees a cheeseburger.,
"Shaving her legs, hoping the video didn’t cut short and that’s all she shaved in there....",optimism
One of the more disgusting virtue signals I've seen,
Random question but has your username ever actually worked lmao,amusement
I honestly don’t know who’s out there that’s better for [NAME],
I love going to a diner and eating in a booth by myself.,love
"[NAME] has strong ties with one person. [NAME] has strong ties with 3, maybe 4. ",
Your both right and I'd rather have the drink than a rynair flight !,
Unsuspecting in the sense that they believe they're in a legitimate clinic and that the person performing the scan is a healthcare professional instead of an anti-abortion nutjob.,
Great advice here. Good sleep doesn’t “just happen” with kids. It’s our job as parents to guide them.,admiration
But perhaps it opens a door to your escape from a lifetime of dealing with that. I would call it a fortuitous misstep.,
It would be funny if that guy got hit with a car at the end tho.,amusement
My ex with BPD said this to me about her ex. They have been apart for nearly a year.,
[NAME] is clueless please don't listen to him lol.,amusement
It actually makes me really happy when people literally call me [NAME]. Thanks kind stranger!,gratitude joy
I am asking for a reason not saying they are underused,
[NAME] sure saved that one from swirling down the toilet. Thank you [NAME].,gratitude
"I think I can agree with you here, I kinda forgot about the military.",approval
"[NAME], one of [NAME] surrogates, went on about how [NAME] completely squashing him in South Carolina is irrelevant because it's basically Guam.",
"My bad on the terminology, see my response above for some of my thoughts / concerns related to the presence of 2-chlorophenol",
I'm stigmatized against the pretty large group of 20 somethings I have interacted with who make gaming their whole identity. At least no-one calls themselves netflixer,
You’re killing me. Let a brotha know next time lol,amusement
I used to think smh stands for 'somehow' until I finally googled it. smh,
Go off [NAME] This season has been a roller coaster but this guy is the best thing we've had in a while. He's so damn good,
of course everyones for sure ML isles lose in the S/O lol,amusement
That’s what makes this scene so timeless. every one of us simultaneously relates to both the nerd and to homer.,
It’s a really depressing show. Kinda like Mad Men.,
"Thanks I had heard this advice, Almost botched it in November.",gratitude
"So, now that his chance of being PM is slipping away, he's going full [NAME] and invoking conspiracy theories. The man is scum.",
You should be flattered he wants to have sex with you!,
"Apparently measles are worse for adults, ironically due to stronger immune systems.",
Next time just tell her she paid for a Venti so that’s what she is getting😂,
I literally point out the same thing (along with everyone in the YouTube comments) and get downvoted to oblivion. Love it.,love
"All of the wonder, beauty, and mystery of the world was taken before we even got here.",
I mean every team could use a few vets to help the kids. I'm not saying to sign him to a four year deal or anything.,
Yeah I had android and was having difficulties but I was able to get it easily when using my gf's mac. Thanks!,gratitude
"""Highline poles""; I'll keep those in mind. Thanks. ",gratitude
"Hey guys, thanks for tuning in to another video on",gratitude
"Great, good to hear he was positive, so to speak, about it.",admiration
I am annoyed by autoplay they added on hover - and commercials would make me drop the subscription instantly.,
the left platform is idealist and they don't like anything that gets in the way of the dream of the iddal,
I had my skin half ripped off thanks to a belt machine. Never got my arm close to the belts,gratitude
Those are literally gremlins when you realize the orange aren't their eyes.,
There's a difference between use and ownership. They aren't equivalent.,
"Wait, I'm confused now. A brain can only handle so much.",confusion
"Oh I don't use Twitter, thank you for sharing that info!",gratitude
I'm sad that you are against abortion. Can I drop my unwanted baby off at your door ?,sadness
Stands to reason. Those with the biggest stick(weapon) and all...,
"This is like the third repost of this. But yes, very sad indeed.",sadness
It always makes me super happy when I see stuff like this. Go live your best life girl!,joy
"Thank you. I've been correcting the record for triggered authoritarians for a minute! ""Mah taxes""",gratitude
To get that much cap room those are the moves we make. So it kind of is,
"To be fair, it might have been dislodged during the earthquake that was weirdly in sync with your music",
Does it tickle inside your nostril? I always imagined it would be annoying.,
[NAME] to the Fox lady: “my record vs you would be 7-0”,
But that seems to be the extent of what friends ive ever been able to make,
"You're welcome! And whoops, my bad. I did not know that, thank you. I edited it up above.",gratitude
Ok her siblings. She lacks humility? No you are talking about [NAME] ever since she hatched dragons.,
"I mean, you can't be any more in the friends zone if you have a matching neck tattoo with the chick.",
"For next time, there is a way bigger live chat over on r/BravoRealHousewives ",
"Or wax your driveway, and the snow will slide right off without shoveling!",
*Just look at the opposing team's hooker and lick your lips as every scrum starts.*,
"I loved shooting if we were gay and 6969. The peanut butter took a while, but was worth it",love
"Internet virgin, clicked for the very first time.....",
[NAME] might actually be able to pick her up and carry her without huffing and puffing now? 😳😓,
Eat it raw. No vitamins for purple hair head with butterflies tattoos. Sucka,
The map is not the territory. This is all I kept thinking.,
"MassivelyOP: really new, but can't say it's not news.",
Thank you for the link I'm going to post their also,gratitude
The best thing to come out of this result and today’s other games is that 6 point buffer to 5th,
It’s probably warmer in the freezer than it is outside. Oof,
"[NAME] was *actually blacklisted* by the ""victims"" but yeah *he* must have had the power to blacklist *them*... what?",
A blanket opinion doesn't cover all the problems in a particular situation.,
"Of course he’s doing it to get laughs, because when you dumb something down enough it appeals to more people.",
"I sure as sugarplums aint seen any ""gives"" around ",
Are you saying the ones who suffer most are billionaire psychopaths? I’m confused by the wording.,confusion
History was written by the victors. Now we have history witten by the real truth agreed upon the everybody on the network,
"""Get the fuck out of the fucking chair"", or something to that avail.",
Mine were huge. I wasn't comfortable until I had them reduced. Now they're awesome.,admiration
To make insecure women feel better AND make men feel better about their prego fetish.,
In heaven that's the only thing that's going on. All the angels and human souls sing [NAME] praises forever.,
I’m dying from your comment. I actually literally laughed out loud from it.,
M/21/straight/6’2 Back on tinder after taking a year off dating to focus on personal stuff. Go ahead and judge! Thank you in,gratitude
Paid model. She's a paid model and it's probably in her contract to drop her professional Instagram handle.,
the left is still running with the its ok these boys are evil because white ya didn't think they'd change their platform now did ya?,
As far as anal- go slow and there is never too much lube!,
She was carving her initials on its side with a toothbrush,
...wasn't she recovering from pneumonia at the time?,
Tell him his Gospels lack integrity due to their anonymity 😭😭😭😭😭😭😭😭,
at first I thought this was a JWong diss thread lol,amusement
A cat at rest will stay at rest until it wishes to engage kill mode.,
If you were charged it is most likely due to poor articulacy/communication skills,
"He's not putting you first though, is he? It's his family first. That needs to be addressed.",
Little known fact. [NAME] died at the age of 8 from small pox.,
With punctuation like that I'm surprised you're not from Jordanhill,surprise
Dad doesn't need to be there for 12 months. But way too step up!,
I buried the hatchet with them last year. Phuck Philly,
Note to self: Stay off political subreddits while eating.,
"Thanks for the support, yeah my dad has been trying to make me feel a little better.",gratitude
The whole paper ballet thing makes tampering a non issue.,
when you j/o before hooking up with a girl so you last longer,
"Funny thing, I work at a restaurant and it happened today, which is what pushed me to post this. ",amusement
[NAME] and [NAME] have said peach is by far bowser’s worst MU in the past. They discuss it in this thread:,
So because you are abnormal in you saving and spending habits you are unilaterally deciding no one else should strike when not getting paid.,
"If ANYONE told me upfront they were a whatever game console guy/girl, I’d reconsider dating them. You’re too into video games. ",
Thanks! Sometimes you need an article in order to shake some sense into someone.,gratitude
"I got back at him, though. Him and that little boy of his.",
I was surprised the general public hadn't already heard of them tbh. They have been around for quiet sometime.,surprise
"""In Scotland, the word 'fuckin'' is just a warning that a noun is on the way"" -[NAME]",
Or pay someone to take photos. It's very easy to have a cheap wedding if you are a choosing beggar.,
"Damn, I fell for the myth. Thanks for pointing it out.",gratitude
The lies of this evangelical “[RELIGION]” woman are simply staggering. What a wonderful example she is for her children.,
"Pay, 69k each No, I was pirate legend before doubloons we’re in the game. Thanks!",gratitude
"Scrambled eggs, chevre, sweet potato chips, and a side of I should probably go shopping. A confusing flex",
Protests that don't disturb the status quo are ignorable.,
"I’m fully onboard with you there, I was more commenting that to get the liberals in this sub thinking, since ACAB gets downvoted into oblivion ",
"Team Louis is a team, they fight all of us so we can protect our precious baby boy.",
Was just in the Grampians over the long weekend. Haven't been there in 20 years. Still love it.,love
Lmao the UBI is just the powers that be making sure they don't have a revolt on their hands once their program of economic alienation reaches a head.,
"As a kid, I was way more excited to see the [NAME] truck.",
"Its the same at my place, not that anyone cares... Netherlands btw",
Its almost as if everyone is too afraid to be politically incorrect to admit that height and race are a factor.,
"Crazy when the police are becoming more militarized to deal with threats, you could almost lump them into the 3rd amendment based on that alone. ",
We need [NAME] to take a 7 year deal or less. I can picture the Dodgers giving [NAME] 7 years,
That right hand sent our dad flying across the cage. Lol,amusement
I’m sooo excited for you!! I’m not dating right now but I love hearing someone be all verklempt.,love
"> Portland seems awesome from the outside, not so much once you're there. big fax here folks",admiration
"Damn, you're good a parkour. That was a pretty giant leap to be made.",admiration
"What is it that we don't know yet about the Rebellion, if you don't mind me asking?",
The pastor they’re having officiate their wedding is deeply and unabashedly homophobic...the hypocrisy is GLARING.,
This just went from a winning streak to a shutout streak!,
idk if you're saying that I'm shitposting or that whataboutism is shitposting. But obviously i'm not nor is calling out whataboutism shitposting.,
That sounds so awesome. Thanks for talking about it.,admiration gratitude
"I can see how you feel , THIS DID NOT TEACH A CHILD TO RESPECT ANIMALS and im ashamed and upset honeslty no horse deserved that.",
The description of the cut marks that KZ gave in MaM sounds as if a sawz-all was used.,
I disagree. In that I believe that season 3 was also very good. I think it's better than season 4.,
Guess Isco should never start then. I think opposite effect then,
100%. Please ignore him. He's annoying af and survives off attention,
Depends how big it is. This print probably took at about an hour and 15 mins. 2 hours at most.,
My [NAME] it's a mad house over there right now. All of the posts are about letting boys be boys.,
"And, taken word for word, it cannot be legally binding in Canada because it is an unconstitutional document. ",
"Team chaplain Edit : To the downvoters, he actually acts as team chaplain ",
>he was riding a bike with my other GUY friend Has nobody noticed it says this,
Let's hope you've got the self control to not binge :) I know I didn't,optimism
That.. would be glorious. A large one of these would be the NZ equivalent of Giga Pudding.,
So what’s the upside. Toner makes the elastic in your skin tougher? Serum for vitamin C does what? Thanks for sharing.,gratitude
"I absolutely think this is possible, and for the good of our team: *TOLES FINDS DEM HOLES!*",
They're more off beat than Blueface. I didn't think that was possible.,
Huh...I always heard that libido decreasing after a few months is normal even for NTs.,
"Doesn’t matter if it makes sense, as long as the libs are mad you can say it",
It says Expect. Which means nothing is official as of right now.,
Write down the problems and how you feel when and after you have them. Then take that to therapy and actually get vulnerable with your therapist.,
I was too busy looking at the glitch in the Matrix at 0:07.,
Which means his lifestyle is unsustainable. Look at the house and the cars. Even renting he’s just racking up debt pretending to be a millionaire.,
I think we all know [NAME] has the best curves in team history.,
Him being in prison (if these useless people and their story is real) HIV and Hep C should be a concern for her.,
"If you do, the defecation will impact the rotary oscillating atmospheric circulation device.",
Curious as to why he's been passed up so many times now.,
"another day, another “mets interested in player who will take away [NAME] playing time!!” ",
"I mean I dont think your wrong at all, but I would still be happy to fight you for funsies.",joy
They don't get this. They think the universe revolves around them so the rest of the world has to do whatever benefits the narc.,
He had a dark haired mother and white-blonde haired dad. He's got his mom's looks. That's it.,
"[NAME] is lining up for West Ham, holy shit im excited to see this play out",
{(_Unexpected_error in [{response}] seek technical attention inmediately_)},
Reminds me of the dude who was hit on the back/side by a RC helicopter.,
“I use to work here and I remember our policy was this!” Did I nail it?,
"Headstand, not handstand. Gotta keep that spine in line.",
I especially do with with the last chapter of books. I need closure.,
You dont put it in the wastebasket. You put it on your Dad's nightstand.,
"Well technically [NAME], [NAME] and [NAME] get eliminated again but from the ones still in the competition yes no one goes home",
"I think the best way to think of the age is that [NAME] is 17, [NAME] is 19 and [NAME] is 20.",
We need a Media Accountability Act at the very least. No journalistic immunities should be extended to for-profit media.,
"I think it’s mist, [NAME] not sure about the [RELIGION] dude",confusion
Any proof for your statement regarding [NAME] being a PKK cadre?,
"Bravo, that looks beautiful. Though i know for a fact that i would find a way to fall face first on those things sticking out.",admiration
"Not all of them, but this guy happens to be in a team called Moustache Mountain.",
I hope they remain long time friends and can look back on this as adults and have a nice giggle together,optimism
"I think you're pretty neat, but I respect your distance",
I work for the Hilton company I’m disgusted they would let this happen outside one of their hotels if they had any ounce of control.,
I am embarrassed to admit that I was shocked to find out that his books all had the same exact weight and that you knew what that weight was...,
So THATS why the sheep followed that pig in that Babe movie...,
"Lived in a suburb of San Antonio, never experienced anything close to ""prejudice/racism/difficulties.""",
the only way to forever libertarian utopia is by crushing liberty [NAME]. Listen to yourself.,
is there any specific reason it can't be kept in Perth? the donations page doesn't give away much,
This definitely sounds like bipolar mania or a schizophrenic episode. I hope he gets some help.,optimism
That hug at the end was like a you’re too precious and innocent for this world”,
We are currently working with Crypto Capital while their legal team is trying to get the funds from this bank.,
At least her granddaughter will grow up to know her worth. *Oh wait.*,
A waste of money to you is not a waste of money for everyone.,
Lol he did didn't he. Sounds like a race to the bottom.. filled with cockends,amusement
"They’re speaking Spanish and the character is racist, making the experience terrifying",
"I'd look up some gameplay of Warriors games, and see if the hack and slash nature of them appeals to you.",
Surprising you choose to believe things that aren’t true 🤔,
“They must have been very good friends.” -Historians.,admiration
"Do NOT disrespect [NAME]. He is a beautiful, good man!. [NAME] is far from it and not near as pretty.",admiration
"just doesnt make sense... almost 30, already played in La Liga and they likely could have had him at any time he was there.",
Some old guy was just trying to punch him. That didn't look anything like Kung Fu.,
I'm more surprised the dash cam was functioning properly. Usually around these incidents 3 of them were not recording and one had the lens cap on...,surprise
I love this movie! One of my favorite little touches is the music [NAME] character is listening to,love
"Agreed, especially considering so many pets that were once given as a gift are abandoned later anyway.",
I totally agree man I hope one day I can find that too,approval optimism
People more interested in kids and safety than making their books look good.,
Jumps like this are often explained by Twitch front page in certain countries. Every time it happens people get accused of view botting.,
My introvert ass who wants someone to cuddle but needs to recharge after 5mins of social interaction,
He looks like he's trying to cosplay Mac from always sunny.,
It's nothing compared to how scaled down tyreal's wings are: Look at just how massive they are in this d2,
An hour ago I was not but when I saw this comment I was in the kitchen looking at my phone lol,amusement
Is that proving Jewishness for Halakha or for the [RELIGION] Agency?,
[NAME] didn't even know cass's e heals her until [NAME] told him :(,
"Thank you. I’ve been doing more research about today, there’s definitely a lot to consider.",gratitude
The ending was so badass as a young kid! He wasnt even in his mech!,
"Funny how [NAME] only lies when you want him too,amazing.",amusement
No. We have [NAME]. [NAME] doesn't get us anywhere the guy hit his ceiling long ago.,
They needed to insert the phrase “over maintenance” in there.,
that seems like more of a food fetish considering its already cooked.,
[NAME] and [NAME] made their own beds with their own actions. But I agree with this too .,approval
I put cheese on everythingggggg and I ain't even mad about it,
I love how well 90dayF references easily relate to LAL. I hope you're able yo watch it.,love optimism
"Alright OP here, I'm an [NAME] and this is not even close to how coupons work here. Didn't realise you [NAME] had such extreme coupons",
Do I complain when the for profit website is linked on here daily?,
Nah you bunch have the lot cornered on making your problems everyone else's,
I love our cheese curds both fresh and deep fried. So good. And now I'm hungry.,love
I kinda like the swirlies in the hair. But then I saw that her eyebrow is actually just the hair and hated it.,
Can't just GA it but can do A LOT more than pretend it doesn't exist and take it yourself. What a cop-out argument that is.,
"multicultural makeup'? There's the indigenous people, the [NAME], and the illegal settlers, don't make me laugh ",amusement
Could be epileptic too. My friend is and he used to have hallucinations before and around sleep.,
Awesome footage. The one child signing to look into his eyes looks as though he is jaundiced. His eyes are quite green yellow colour.,admiration
"LOL thats right, your wait for someone to hand everything to you. LOL",amusement
"Only [NAME], their deputy leader, their most experienced minister....remember there was evidence she assaulted a staffer and kept her job as a MP...",
I missed this villain of the week feel of the show. Feels reminiscent of S1 and S2.,
"You have a real axe to grind about this. Should've pulled your bootstraps up more and mowed more lawns in the summer, son.",
Live out their Shonan Anime fantasy of being “the one” without a proper DM to tell them no.,
Yeah cuz it's not like eggs ever roll over or anything. /s,
No no this is true. A very redeeming quality. Them [NAME] like their water crisp and cold.,
That's memorial park. Mountain bike trails and the rugby pitch.,
[NAME] seems to be trying to get the foul over making the 3 a lot this season.,
"thanks! yeah a bit, wrote for my college paper last semester but thinking about doing more",gratitude
"Fuck that, he can go to Cleveland with [NAME] on that bullshit.",
Much better than I could have put it! Thank you for your input!,gratitude
Nope but nice try. Nothing to do with the TH case.,
"I could not agree more. Actually, last week I played in my first smash bros tournament! (I lost, obviously) ",approval
[NAME] has personal experience with people turning into remorseless killers. What he thinks of walkers is immaterial.,
All of this is almost blow for blow identical to the conditioning children in abusive homes go through. Take from that what you will.,
"That's along the lines of what I was thinking, thank you!",gratitude
bleh. You would think 160 reps in and I wouldn't have that problem. Thanks for the insight.,gratitude
I read that as vape-inspired. Little puffs of smoke rolling down the road...,
"No. I'm against the idea that one can ""liberate"" farm animals in the same way we can liberate human societies.",
"[NAME] and [NAME] aren't cousins in this timeline, I believe. Just best friends.",
Wanting to feel sexy isn’t really a thing that applies to me tbh,
I cant even get my spouse to share the same bed...fml,
"As a once very sick kid, I thank all you pediatric RN's out there for what you do and your compassion while doing it. ",gratitude
I’ll bet he insists he loves both of you because for him love is just serving his needs.,love
> you're probably a little bit of a closeted nazi yourself. I'm just SHOCKED that someone named [NAME] might be a fascist,
Yeah i didn’t say i had the answers. I’m just hoping for the best,optimism
Kids are playing fortnite. I have a few hundred hours played of the latest COD on PC and have encountered maybe one kid on comms.,
That's actually legitimately hilarious. I'm going to have to start following this [NAME] fella,amusement
"Everyone knows he's not a spy. He's a pawn. Russia want him to swap for their actual spy, currently talking to [NAME]. ",
At least she can't use the old thyroid problems excuse for her fatness,
I guess I've never seen that written out. Thanks for the correction.,gratitude
He came flying out of nowhere for that. I was impressed.,
Well she ran with a bunch of soldiers before anf so I would imagine she had a colorful education in these matters.,
"Aw, man, with that title, I was hoping for good old-fashioned corporal punishment, like back in the 1700s. ",optimism
"With Firing Range and Seaside having 2 variations, and everyone voting to replay them every time...It already feels like this",
"> Nothing deserves doxxing Oh come on. The knee-jerk against ""doxxing"" is so silly. ",
From an Instagram post about the judge critiquing [NAME] look,
Yeah I agree. I've seen Jacob's Ladder multiple times. Only Stay twice.,approval
If you stick a pinky in your butt it activates the hippo camping with us part of your brain.,
Your comment is completely irrelevant and you're trolling me in order for you to cry and whine about Detroit. Get out of here.,
For me it’s the complete opposite. Complete dread in the morning and usually more hopeful in the evening.,
[NAME] looked like he was having a heart attack the entire game... welcome to the madhouse lol,amusement
It's due to the fee we have to pay since we aren't buying an electrical company from Washington state.,
I had to put Bird Box because it's the only direct to streaming movie I saw. I feel dirty.,
"Witness tells police he heard suspect scream ""OKAY I'LL CATCH YOU LATER THEN"" while running away from the crime scene",
Why are you even visiting /r/Artifact if you hate the game so much?,
"i forgot to point out that for ""spamming"" i mean ""keep using"", not as in ""spamming sigs"".",
I’m not sure that asking one person about her opinion on tipping in a country that doesn’t widely employ tipping is solid research.,confusion
Free option: Look at the RAW and read the sum on [NAME],
The sad result of far too many gamers needing addiction mechanics to continue playing one of the greatest card games of all time.,sadness
Is it allowed be recast in other languages (like spanish)?,
"We discussed vaping, but decided against trying it due to the cost of investment in the equipment.",
They do not need to. A majority of the vox populi think like you do.,
"Anyone can edit those pages, so I wouldn't get too excited by that yet (but I hope it's true).",optimism
"This submission was removed for breaking rule 7. This topic has already been posted, please search.",
"Me too, me too. But if it’s with anybody but [NAME] piloting the thing, I will cry big salty tears.",
Is anyone familiar with what the post was about? Im guessing it was on the NYC hate crime?,
It is pretty disappointing when you can't pet a service dog that's cute but the rule has to be followed.,
Because [NAME] was underage at the time of filming. IIRC he rips [NAME] dress in a much more revealing way in the book.,
"It doesn’t really matter what you mean, it matters what you say and do.",
Don't remember the gold but I wanna say like $16ish and like 430 exp,
I hope you are getting your levels tested! You can do some damage to yourself if they're too high.,optimism
You a probably more attracted to guys but might feel that being with woman is better accepted in society so you wish for both.,
Thank you sound engineer for confirming that LOUD NOISE = FUNNY /s of course... thank you for your service.,amusement gratitude
">[NAME] & [NAME], [NAME] are only DMs who could be best DMs at the moment Three completely different players. ",
Does not giving the puck away in the defensive zone every single fucking time he touches it count as an elite level skill?,
"[NAME] to [NAME]: ""Don't try and tell me how to defend""",
We're 40 minutes into this episode and I don't remember a thing about the patient [NAME] and [NAME] have.,
They’ve always loved her. i read this in the space of five episodes.,love
My drunken eyes saw that last window as [NAME] and im not sure if its better or worse,confusion
"Disgusting, I bet you he will never even be inside that apartment condo ever.",
Didn't know it could get that cold in the US (I assume).,
Where did he ever want to nuke women's rights? Could you provide me with a source,
If we managed to curb GHG emissions we would be smart enough to reduce all resource use.,
"i ended up crying and breaking down once i got to my friends house, i'm so sorry that happened to you as well :~( ",
Petulant child? No wonder he and [NAME] get along.,
"I'm curious about ""STERN? guy"" from the Phantom Menace review. I've never seen him in anything since.",curiosity
"Man, I can still remember [NAME] playing for Texas",
My mom goes through a 12 pack a day. That’s an alcoholic.,
Wasn't he Eagles' top try scorer last year despite being a forward?,
"""I guess if you want children beaten, you have to do it yourself."" Thank you [NAME]. ",gratitude
3 guys try to walk into a fake door to shit in a bucket.,
"[NAME] and others claim he was boxed in and had to call it. I think it was a mix of naivety, cockiness and flippancy. ",
"And maybe you can divert her physical touch to something like holding hands, or putting your arm around her while sitting on the couch. ",
"Good idea, brought to the table by a questionable at best minister, likely for the purpose of shifting focus away from his failures. ",
"2nd one resounds with me so much, I rarely realize how little I trust other people to do any task lol",amusement
He'll have to leave at some point. So might as well get him to a club where you don't have to despise him,
"Oh yeah, I meant it ""doesn't work as an explanation for [NAME]"". Not that the concept is bunk.",
Why do you feel like you have to figure out what life is alone?,
"Will see,still better for Chelsea then [NAME] who looked completely lost and devoid of any confidence lately",
"Beyond that, it affirms the idea that discipline and habit exist for as long as you maintain them, which I find kinda funny. ",amusement
I'm honestly surprised you haven't been banned yet.,surprise
[NAME] has said he's giving it over to [NAME] for about 5 minutes now,
"I am already using ublock. Thank you for suggesting ghostery, didn't know it.",gratitude
"Gee, thanks for waking up after being told for over a decade.",gratitude
"Someone made this album, dwights a bit lanky but I enjoyed it. ",joy
"I see you've bought into the utter fantasy of UK house price fake news The average semi detached house price is £227,912",
"Haha be careful how you bring this up to him, maybe say you read his note, or he might think you’re out to get him",
This seems like a colossally unimportant thing to sign a petition over.,
"Yes but my point is [NAME] raping [NAME] makes more sense if she gives birth to [NAME] and [NAME], not [NAME].",
"They’ll make ME4 and probably just have [NAME] say “oh, the reapers died of old age” if you chose control or synthesis. ",
What loser feels superior cause they have airpods tho,
"Although it can use a CD, Windows and Linux will both automatically install drivers, so it's weird to do it manually. ",
">It also means no applause lines. No problem, just get the white house staff to clap for.... OHHHHHHHHHHHHHHHHHHHHHHHHHHHHHHHHHHHHHHHHHHHHHHHHHHHHHHHHHHHHHHHHHHHHHHHH",
Why did I get a boner reading this? That Magnesium supplement is doing its job methinks,
This is not polyamory. That's just a buddy. It sounds like he's completely taken it off the table.....,
"Okay, this helps clarifies things more for me. Thank you!",gratitude
Thanks for your opinion. It's highly respected lol,amusement gratitude
Please show me where you provided any evidence to back up your claim?,
"Also, this has been said half a million times but the Oilers were not picking [NAME] with that draft pick even if we didn't trade it away.",
[NAME] still looks him off unfortunately but he made a three,
"You live for it, it's the only reason you're here. ",
"As a former professional graphic designer, thank you for the gift of this subreddit.",gratitude
Bet China makes a huge profit from transplant-tourism.,
Did she ask you to visit? Or did you decide to on your own?,
So uh...what happened to men between 1990 and 1995? Why the huge spike?,
Born and raised in L.A. Raiders fans are the most obnoxious and stupid fans there are. Imagine cowboys [NAME] tenfold except they've got violent tendencies.,
"was i replying to you, you fucking degenerate? off yourself ( in game ofc )",
I'm like ''The F*** have you achieved with the joint patrols you have done with USA? What you'll achieve with the ones with Russia?'',
"Only solves her loneliness though, that kid is not reproducing with anybody. Unless they're not the only ones left on Earth.",
This is legit an awesome idea. There’s a reason rifles are shouldered like that. Makes it easier to stabilize it. Stability is important in photography,admiration
“For the holidays” you’ve been in America ages Im guessin..,admiration
"I can't be down with chill. Give me intensity, or give me nothing.",
"Can you make your flair ""Every other team in the metro""",
[NAME] had a great idea about this problem actually,admiration
"Every YouTube comment: [NAME] is beautiful and perfect how dare [NAME] and [NAME] breath near her, the production are forcing them on us.",admiration
... and we are still in the EU ! ... [NAME] help us when we leave !,
Google Tom Green sandwiches. It isn't the kind of thing you explain.,
I am so excited for tonight's episode! It's barely even started *_*,
There is no true 0 speed because it is relative to an object your speed.,
"""Real life [NAME]"" is clickbate bs. This guy makes dmt which is far better than meth",
I love how happy he looks while listening to tool.,joy love
In that case clench! Clench for all you’re worth!!,
he's playing you on not just this point and you eat it up.,
"Silver is deadly to were wolves, witches and certain other beings. Steel burns the shit out of [NAME].",
That’s like forcing skins back in the days of MOHAA everyone is fluoro Orange! That’s what they want!,
could you mark this nsfw or something I didn’t want to see that :(,
I wish I could just do a poll of the whole stl area to see everyones opinion on it.,
"This sub blows, and you’re on the wrong side of the circlejerk today",
The second i had a coven free weekend I went into ranked. I already knew how the roles had worked because I watched skimms videos,
They've done that with quite a few presidents before after all.,
This only makes me want him more. Proves he is decisive and has self belief. Our team has been devoid of both.,
"Thanks, now every highlander I run into tries to do it 100% of the time and I just bait them into a light parry",gratitude
"Ok that's why, I was so confused of why I saw two [NAME].",confusion
"Genuinely curious, what year do you think we're in right now?",curiosity
He did tell me we would play catch when he returned so I am excited about that,
"Bro, you SHOULD be thankful for [NAME] 😂😂 if it wasnt for them nobody would know who you guys are ",
Still one of the greatest gems that few will end up doing Smash attacks then the other big cities.,
"now when I'm off work I completely forget it exists, I love it",love
> edit: Sidenote they blatantly and obviously brigaded two other threads on this Of course they did.,
He's a piece of shit ratting out his piece of shit criminal buddy.,
"Left or right, doesn't matter, just laugh at statists on all sides ",
"The teacher apologised profusely, but nobody could hear due to the deafening applause. ",
I tried doing this for my son but he was afraid of it.,
"Beatin’, bangin’, ‘n’ scratchin’ - [NAME] and the andrews sisters",
"These moments happen. Even if he was hella cold when he got home, you dont threaten a man. He may be stubborn enough to call your bluff ",
Who fucking cares. People have sex all the time. You're just an asshole for trying to to profit from it or ruin her.,
I keep seeing this argument and I will tell you my wait times are long also - I don't have the DLC.,
[NAME] has already pretty much called this deal off. I think his words were “highly unlikely”.,
"[NAME] was nowhere near them, he was by the Falcon. ",
He just posted an update. He seems to want to but isn’t sure if he/his wife can handle a 4yo.,
16-37 and 25 fta. [NAME] is so fucking overrated. Volume chucker/flopper in a fast paced no defense league.,
"I love how that's pretty much all they can do, literally beg for him not to run.",love
I grew up in a Cornish village. Not much murder to be honest but plenty of drugs and pub lock-ins.,
There’s no where for him to play. He wants to play [NAME] and that’s taken by [NAME]. We have [NAME] at 3rd.,
Glad to hear it. You deserve your best life without that abuse and negativity.,
I hope your gaydar has leveled up enough to filter these out now,optimism
They talked about choosing either stance tho and I thought I read menu which makes me think of morrigan ult,
Can you imagine the [NAME] brothers getting pitched by a woman who believes in chemtrails,
"Non stop in the chat, that’s all he was responding to",
"Born in Jersey, live in Kansas. I love my Lions. I was also 5, hated the Giants and liked the Lions unis. ",love
"I sit on one of my legs. I always have my other leg weirdly sticking out. Like I’m trying to crouch, but failing.",
"ultimately, you want a pitcher that is better than average at pitching.",
Jokes on conservatives loathing taxes and government spending while they put me through the courts then prison,
NP.this is just round #1 of negotiations. By telling you there is no hope for sex she just threw away her ace cards.,optimism
My coworker got cheated on by her boyfriend of 8 years and needs a night out so I can't even get out of it sigh.,
Thanks for your reply! Maybe I’ll try that game with him and see how he responds.,gratitude
My worst fear when I finally get over someone Those damn what ifs,
For the [NAME] I always love our deep ACC Tourney runs. I’d love a regular season championship though,love
😭😭 okay. You’re right! I should just like make ice cream at home and get over it.,
"I was shocked. They were talking earlier on the news about her losing by less than 100 being a victory, of sorts.",
"Can anyone here show where in the Quran it states ""not to delay your salah for anything"" ?",
Except that would retcon him trying to get her to have an abortion so still a mess,
i mostly get recommended stuff by [NAME] and [NAME],
Yeah I knew that game off the top of my head wasn’t sure if there was anymore,
"i disagree with that, you cant say everyone in the country does that, you dont know every [NAME] and their entire life stories stories",
This guy has been a lot of fun to watch over the last couple of years. Hope the draft goes well for him.,optimism
Well that's Kraaifontein .... Where the kids bite the dogs,
That I’d have no way of verifying. Trolls can report things as well as normal users.,
"Was about to say, if that guy is going to remember the amazing Kansas 2007 season, can't leave out our 06.",admiration
"At last, someone I can share this accomplishment with! ",
"Hello there fellow Bolts fan, ride the lightning ⚡️",
/u/flight2-0-9er and I have been having a conversation about it,
We are so predictable at the moment that [NAME] doesn't even have to spy on us.,
"Good luck! If you do need to get her, you just gotta fuse together a Bicorn and a Jack Frost.",
Boulton & Watt in East Village have wifi & outlets.,
Facilities that serve free food to poverty/low-income people. Tax breaks or etc.,
She tweeted that the most recent episode was very soon after her second surgery and she was still swollen from it,
Makes sense. Thanks for the rational and respectful comment,gratitude
The cost of centralized mandatory services is an example of socialism driving up prices. Get your facts straight.,
"For example, I think this picture of [NAME] character from southpark) is soooo cute",
This actually made me squeal like a little girl! Thats awesome!!!! Im so happy!,admiration joy
> WE AREN'T EVEN IN THE UNITED KINGDOM I was well ahead of you. It was the prices being in dollars that gave it away.,
"Since you seem to have posted this twice, I would recommend you take this down.",
