Date,East.North.Central(NSA),East.North.Central(SA),East.South.Central(NSA),East.South.Central(SA),Middle.Atlantic(NSA),Middle.Atlantic(SA),Mountain.(NSA),Mountain(SA),New.England(NSA),New.England(SA),Pacific(NSA),Pacific(SA),South.Atlantic(NSA),South.Atlantic(SA),West.North.Central(NSA),West.North.Central(SA),West.South.Central(NSA),West.South.Central(SA),USA(NSA),USA(SA)
1/1/1991,100.00,100.00,100.00,100.00,100.00,100.00,100.00,100.00,100.00,100.00,100.00,100.00,100.00,100.00,100.00,100.00,100.00,100.00,100.00,100.00
2/1/1991,100.90,100.94,100.99,100.63,100.15,100.29,98.37,98.73,101.78,102.30,100.13,100.57,100.59,100.50,100.49,100.46,99.82,99.59,100.39,100.45
3/1/1991,101.30,100.90,100.86,100.43,100.10,99.82,100.20,100.59,101.52,101.25,99.97,100.14,101.01,100.64,100.42,100.12,100.62,100.48,100.68,100.47
4/1/1991,101.69,100.97,100.83,100.47,99.60,99.28,100.31,100.38,101.04,100.95,100.14,100.12,100.90,100.43,100.84,100.36,100.37,100.08,100.68,100.33
5/1/1991,102.30,101.32,101.15,100.76,99.72,99.24,100.71,100.49,99.84,99.61,100.34,100.10,100.77,100.49,100.81,100.30,100.77,100.27,100.85,100.37
6/1/1991,102.78,101.46,102.00,101.45,99.85,98.96,102.09,101.58,99.18,98.48,100.45,99.93,101.31,100.55,101.42,100.52,101.91,100.94,101.35,100.50
7/1/1991,102.95,101.86,101.82,101.31,100.34,99.24,101.48,101.34,99.11,98.59,100.42,99.86,101.00,100.43,101.30,100.35,101.79,100.88,101.31,100.54
8/1/1991,103.12,102.02,101.69,100.81,99.82,98.79,101.78,101.23,98.39,97.79,100.77,100.01,100.86,100.03,101.79,100.73,101.54,100.57,101.28,100.38
9/1/1991,102.85,101.98,101.96,101.17,100.39,99.46,101.96,101.80,99.93,98.94,100.25,99.48,100.68,100.06,101.62,100.84,102.11,101.43,101.36,100.61
10/1/1991,103.06,102.29,101.92,101.57,100.22,99.13,103.00,102.50,99.20,98.54,100.80,100.30,101.61,100.90,101.91,101.49,101.38,100.70,101.58,100.91
11/1/1991,103.97,103.34,102.75,102.16,101.12,100.19,103.96,103.71,98.16,96.99,100.85,100.62,102.01,101.18,101.82,101.44,101.83,101.22,102.03,101.41
12/1/1991,103.72,103.37,103.39,103.24,100.84,100.51,103.77,103.67,99.02,98.55,101.01,100.74,101.96,101.62,102.84,102.50,102.20,101.99,102.18,101.88
1/1/1992,103.85,103.87,103.29,103.30,100.85,100.87,104.36,104.43,99.80,99.81,100.98,100.97,101.84,101.84,102.37,102.39,102.37,102.37,102.22,102.24
2/1/1992,104.36,104.39,104.44,104.10,101.84,102.04,105.14,105.55,99.76,100.31,101.02,101.47,102.71,102.61,102.87,102.85,103.48,103.25,102.89,102.97
3/1/1992,105.51,105.12,104.23,103.78,101.52,101.26,105.54,105.96,99.65,99.42,100.66,100.83,102.61,102.26,103.94,103.60,102.84,102.71,103.01,102.81
4/1/1992,105.92,105.17,103.74,103.36,101.28,100.97,105.84,105.87,98.43,98.37,100.43,100.40,102.33,101.85,104.10,103.59,103.04,102.74,102.93,102.56
5/1/1992,106.51,105.49,104.43,104.03,100.98,100.45,106.59,106.33,97.51,97.26,100.49,100.23,102.28,101.99,104.37,103.80,103.15,102.60,103.07,102.57
6/1/1992,106.92,105.53,104.70,104.09,101.35,100.39,107.50,106.94,96.96,96.19,100.31,99.76,102.45,101.68,105.17,104.21,103.99,103.02,103.40,102.51
7/1/1992,107.11,105.96,105.21,104.63,101.57,100.39,107.45,107.24,97.15,96.54,100.62,100.01,102.80,102.18,105.67,104.64,104.27,103.35,103.69,102.86
8/1/1992,107.56,106.40,106.28,105.34,101.54,100.42,108.57,107.95,98.20,97.54,100.93,100.16,103.83,102.97,105.97,104.85,104.83,103.81,104.28,103.32
9/1/1992,107.56,106.65,106.62,105.81,102.27,101.31,108.69,108.46,98.30,97.35,100.98,100.20,104.12,103.46,106.28,105.42,104.88,104.18,104.49,103.71
10/1/1992,108.17,107.33,106.89,106.50,102.58,101.48,110.04,109.51,98.48,97.84,100.07,99.58,104.35,103.64,106.11,105.65,105.58,104.88,104.72,104.03
11/1/1992,108.38,107.74,106.85,106.25,103.13,102.24,110.38,110.12,99.39,98.25,99.81,99.61,104.24,103.41,106.45,106.02,105.97,105.33,104.90,104.28
12/1/1992,108.73,108.38,106.87,106.70,101.69,101.39,111.19,111.08,97.69,97.30,99.48,99.24,103.48,103.15,106.60,106.23,105.26,105.07,104.49,104.21
1/1/1993,108.43,108.50,106.93,106.95,100.94,101.01,111.67,111.83,96.54,96.51,98.65,98.67,103.29,103.23,107.25,107.32,105.35,105.36,104.22,104.25
2/1/1993,108.31,108.33,106.93,106.62,100.47,100.78,111.82,112.29,94.54,95.12,97.67,98.14,103.31,103.19,107.57,107.60,105.61,105.42,103.96,104.07
3/1/1993,109.25,108.89,108.37,107.90,100.84,100.63,112.08,112.52,95.66,95.50,98.10,98.26,104.02,103.68,107.21,106.85,106.10,105.96,104.57,104.38
4/1/1993,110.20,109.41,108.72,108.29,101.78,101.49,113.96,113.91,96.40,96.36,98.35,98.32,104.78,104.29,108.72,108.17,106.86,106.54,105.40,105.01
5/1/1993,110.81,109.74,109.15,108.69,102.41,101.81,115.00,114.66,96.39,96.04,98.20,97.91,104.70,104.40,109.48,108.84,107.70,107.05,105.79,105.24
6/1/1993,111.91,110.43,109.53,108.80,102.65,101.59,116.23,115.61,97.56,96.55,98.48,97.89,105.64,104.83,110.47,109.43,108.61,107.61,106.57,105.61
7/1/1993,112.12,110.89,109.93,109.27,102.44,101.16,116.95,116.59,97.24,96.45,97.54,96.86,105.60,104.91,111.03,109.89,109.09,108.13,106.58,105.67
8/1/1993,112.60,111.36,110.87,109.88,102.65,101.37,118.48,117.75,96.96,96.14,98.02,97.24,106.04,105.13,111.82,110.62,109.52,108.42,107.09,106.05
9/1/1993,113.09,112.10,111.81,110.97,102.39,101.44,119.55,119.18,96.85,95.89,97.70,96.98,106.19,105.47,112.36,111.40,109.45,108.73,107.26,106.45
10/1/1993,113.22,112.32,111.29,110.84,102.65,101.61,120.34,119.76,95.67,95.03,97.70,97.27,106.13,105.44,112.52,112.00,110.12,109.39,107.34,106.64
11/1/1993,113.51,112.86,112.17,111.58,102.57,101.79,121.13,120.92,97.15,96.14,97.01,96.85,106.46,105.65,112.95,112.47,110.45,109.75,107.59,106.98
12/1/1993,113.77,113.42,112.20,112.00,102.04,101.78,121.80,121.72,97.06,96.75,97.02,96.85,106.89,106.57,113.61,113.24,110.81,110.62,107.78,107.51
1/1/1994,113.96,114.11,112.73,112.76,102.36,102.49,122.26,122.56,96.01,95.97,96.73,96.82,106.55,106.44,113.59,113.79,110.44,110.45,107.70,107.77
2/1/1994,114.35,114.37,113.99,113.73,101.26,101.70,123.41,123.99,96.02,96.75,96.12,96.64,106.92,106.78,113.64,113.76,111.24,111.11,107.85,108.01
3/1/1994,115.08,114.73,114.10,113.63,101.71,101.54,124.44,124.89,97.67,97.69,96.41,96.53,107.42,107.06,115.13,114.75,112.19,112.04,108.55,108.36
4/1/1994,116.29,115.46,115.11,114.61,101.89,101.59,125.95,125.76,96.60,96.60,96.92,96.86,108.18,107.66,115.65,115.05,112.01,111.67,109.10,108.68
5/1/1994,117.12,115.97,115.56,115.02,102.60,101.89,127.72,127.26,97.21,96.80,96.81,96.43,108.17,107.83,116.14,115.37,113.43,112.66,109.67,109.03
6/1/1994,117.84,116.26,116.19,115.33,103.01,101.82,128.76,128.09,98.70,97.48,97.18,96.52,108.90,108.02,116.89,115.78,113.45,112.41,110.28,109.22
7/1/1994,117.87,116.52,116.45,115.70,103.35,101.93,129.11,128.55,98.03,97.06,97.06,96.26,109.08,108.32,117.52,116.26,113.35,112.34,110.37,109.35
8/1/1994,118.31,116.99,117.23,116.18,103.31,101.84,130.15,129.31,97.43,96.49,96.93,96.10,109.74,108.77,117.97,116.70,114.06,112.90,110.73,109.61
9/1/1994,118.34,117.27,116.90,116.07,102.24,101.31,130.48,129.94,97.56,96.64,96.95,96.29,109.72,108.94,117.67,116.63,113.69,112.95,110.54,109.69
10/1/1994,118.95,117.99,117.48,117.02,102.55,101.58,131.16,130.57,96.99,96.38,96.43,96.05,109.68,109.02,117.53,116.92,113.99,113.27,110.66,109.96
11/1/1994,119.09,118.43,118.24,117.66,101.65,101.01,131.27,131.12,97.05,96.26,95.85,95.74,110.39,109.63,118.29,117.77,114.22,113.49,110.75,110.18
12/1/1994,118.82,118.49,117.76,117.55,100.33,100.13,131.84,131.86,96.87,96.72,95.99,95.93,110.09,109.79,117.76,117.43,113.85,113.64,110.41,110.18
1/1/1995,119.02,119.26,117.64,117.67,100.32,100.49,131.37,131.84,96.16,96.11,95.93,96.09,110.28,110.11,117.78,118.11,113.81,113.85,110.39,110.49
2/1/1995,119.88,119.88,119.16,118.96,100.35,100.90,132.52,133.20,96.03,96.80,96.04,96.59,110.83,110.67,118.65,118.87,114.18,114.08,110.92,111.11
3/1/1995,120.40,120.05,119.63,119.15,101.09,100.95,132.74,133.13,96.65,96.81,95.62,95.69,110.64,110.23,119.44,119.02,114.13,113.95,111.13,110.92
4/1/1995,121.66,120.79,119.31,118.72,101.56,101.28,134.22,133.86,96.92,96.93,95.36,95.24,110.96,110.42,120.14,119.51,115.21,114.81,111.66,111.20
5/1/1995,121.97,120.73,119.89,119.26,101.83,101.03,134.67,134.10,97.78,97.28,96.08,95.59,110.93,110.53,120.83,119.91,115.76,114.88,112.09,111.35
6/1/1995,123.19,121.54,121.68,120.66,102.56,101.25,136.13,135.42,98.65,97.20,96.08,95.35,111.80,110.84,121.83,120.61,115.91,114.80,112.88,111.73
7/1/1995,123.63,122.16,122.08,121.24,102.71,101.16,136.60,135.86,98.94,97.80,96.50,95.61,112.49,111.69,122.43,121.02,116.78,115.69,113.38,112.25
8/1/1995,124.24,122.85,122.06,120.99,103.53,101.92,137.32,136.43,98.89,97.79,96.52,95.69,112.73,111.73,123.00,121.65,116.96,115.73,113.73,112.54
9/1/1995,124.49,123.34,122.40,121.59,102.26,101.36,137.86,137.19,98.29,97.35,96.03,95.44,112.95,112.12,123.39,122.27,117.29,116.52,113.65,112.77
10/1/1995,124.70,123.68,123.17,122.70,101.80,100.91,137.58,137.01,98.40,97.77,95.70,95.40,112.62,112.00,123.55,122.86,116.77,116.08,113.51,112.82
11/1/1995,124.65,123.98,123.40,122.84,101.54,101.04,137.51,137.48,98.13,97.51,95.54,95.47,113.08,112.42,123.42,122.82,117.39,116.65,113.58,113.06
12/1/1995,125.06,124.77,123.53,123.30,101.63,101.45,138.34,138.49,97.90,97.84,95.41,95.46,112.83,112.55,123.98,123.72,117.75,117.54,113.71,113.53
1/1/1996,124.82,125.15,123.74,123.75,101.39,101.59,138.11,138.76,99.93,99.97,95.53,95.78,113.56,113.36,123.39,123.82,117.23,117.29,113.81,113.96
2/1/1996,125.87,125.85,123.63,123.46,101.27,101.90,138.56,139.34,98.67,99.51,95.15,95.71,113.36,113.15,123.97,124.25,117.75,117.67,113.91,114.13
3/1/1996,126.67,126.30,124.45,123.97,102.37,102.26,139.93,140.20,98.81,99.14,95.69,95.69,114.45,113.97,125.33,124.87,118.21,118.02,114.77,114.54
4/1/1996,128.23,127.35,125.36,124.70,102.18,101.92,141.22,140.74,99.23,99.18,95.75,95.55,114.61,114.04,126.32,125.66,118.54,118.07,115.29,114.79
5/1/1996,128.92,127.55,126.24,125.51,103.14,102.26,141.44,140.79,100.42,99.84,96.15,95.53,114.73,114.23,126.97,125.88,119.36,118.39,115.90,115.05
6/1/1996,129.43,127.71,126.60,125.47,103.50,102.05,142.02,141.27,101.52,99.89,96.46,95.64,115.29,114.23,127.35,126.02,120.04,118.88,116.41,115.16
7/1/1996,130.04,128.42,127.59,126.70,103.67,102.01,142.91,142.04,101.16,99.83,96.83,95.89,115.63,114.79,128.13,126.59,119.91,118.73,116.79,115.55
8/1/1996,129.80,128.32,127.63,126.57,103.80,102.09,142.67,141.77,101.35,100.12,96.47,95.62,116.04,115.01,128.15,126.71,120.08,118.82,116.80,115.56
9/1/1996,130.03,128.81,127.71,126.95,102.84,101.94,143.09,142.33,101.58,100.54,96.27,95.76,116.15,115.30,128.38,127.20,120.04,119.24,116.75,115.86
10/1/1996,129.84,128.78,128.12,127.72,102.59,101.76,143.17,142.63,100.88,100.18,96.25,96.02,116.12,115.51,128.30,127.55,119.75,119.10,116.63,115.96
11/1/1996,130.63,129.98,128.01,127.44,102.73,102.32,142.94,142.97,100.43,99.92,96.38,96.34,115.82,115.26,128.43,127.78,120.07,119.37,116.75,116.27
12/1/1996,130.44,130.20,128.35,128.10,102.11,101.94,142.63,142.89,100.93,100.93,96.37,96.53,116.09,115.84,128.97,128.81,120.19,119.98,116.77,116.64
1/1/1997,129.90,130.29,128.33,128.25,102.17,102.33,143.10,143.85,101.17,101.25,95.91,96.22,116.38,116.16,128.27,128.76,119.84,119.93,116.61,116.78
2/1/1997,130.54,130.52,129.72,129.55,101.96,102.64,143.47,144.27,99.89,100.73,95.72,96.24,116.67,116.46,128.89,129.21,120.54,120.47,116.87,117.09
3/1/1997,131.72,131.28,129.70,129.25,102.48,102.40,144.67,144.76,100.87,101.27,96.93,96.85,117.67,117.19,130.28,129.79,121.10,120.87,117.80,117.54
4/1/1997,132.10,131.22,130.40,129.70,103.04,102.81,145.65,145.07,102.46,102.34,97.86,97.59,117.57,117.01,130.24,129.57,121.34,120.77,118.29,117.76
5/1/1997,133.51,132.02,130.24,129.42,104.37,103.49,146.06,145.34,102.86,102.22,98.54,97.79,117.84,117.25,131.85,130.62,122.39,121.38,119.13,118.19
6/1/1997,133.97,132.21,131.19,129.96,104.40,102.83,146.33,145.50,104.21,102.47,98.80,97.90,118.73,117.61,131.65,130.21,122.59,121.40,119.57,118.25
7/1/1997,134.33,132.59,131.46,130.53,104.74,103.00,146.82,145.88,104.10,102.65,99.55,98.61,118.13,117.27,132.85,131.18,122.87,121.60,119.85,118.55
8/1/1997,134.50,132.95,131.83,130.84,105.05,103.32,147.27,146.38,104.68,103.32,99.98,99.15,119.11,118.11,132.82,131.29,122.89,121.62,120.26,118.99
9/1/1997,134.42,133.14,131.35,130.58,104.13,103.14,147.28,146.51,104.09,102.94,99.96,99.49,119.03,118.17,133.36,132.14,122.86,122.05,120.08,119.15
10/1/1997,134.79,133.69,131.23,130.84,105.29,104.47,147.58,147.08,105.20,104.37,99.96,99.78,119.24,118.61,133.29,132.49,123.31,122.69,120.45,119.77
11/1/1997,134.70,134.06,131.94,131.36,103.89,103.46,147.29,147.36,105.06,104.56,100.84,100.82,119.87,119.39,133.25,132.57,123.94,123.30,120.60,120.15
12/1/1997,134.56,134.37,132.11,131.84,104.38,104.19,147.61,147.98,105.35,105.35,100.76,100.98,119.91,119.66,132.84,132.80,123.87,123.68,120.65,120.54
1/1/1998,134.51,134.91,132.74,132.56,104.03,104.11,147.45,148.26,103.97,104.14,101.35,101.74,119.99,119.75,134.32,134.84,124.32,124.46,120.82,121.00
2/1/1998,135.65,135.64,132.74,132.54,104.27,104.99,148.56,149.33,106.38,107.31,102.38,102.89,120.77,120.55,134.57,134.93,125.01,124.93,121.65,121.87
3/1/1998,136.51,136.02,133.95,133.54,105.75,105.74,149.47,149.43,106.59,107.08,103.50,103.35,121.39,120.88,135.41,134.95,125.58,125.33,122.55,122.27
4/1/1998,137.25,136.38,134.60,133.88,106.28,106.09,150.97,150.39,108.04,107.90,104.96,104.61,121.95,121.34,135.81,135.13,126.19,125.51,123.38,122.82
5/1/1998,138.36,136.77,135.45,134.55,107.01,106.16,151.43,150.66,109.23,108.54,106.10,105.20,122.45,121.74,137.33,135.99,127.27,126.20,124.32,123.30
6/1/1998,139.29,137.48,136.46,135.19,108.73,106.99,152.06,151.14,111.23,109.36,107.20,106.19,123.53,122.31,138.86,137.28,128.21,126.98,125.51,124.09
7/1/1998,139.63,137.76,136.18,135.22,108.76,106.95,152.62,151.70,111.52,109.84,107.53,106.57,123.62,122.66,139.25,137.46,129.12,127.72,125.80,124.41
8/1/1998,140.01,138.38,136.35,135.40,109.43,107.66,153.36,152.47,112.19,110.62,108.06,107.21,123.84,122.82,139.79,138.13,129.48,128.17,126.25,124.94
9/1/1998,140.51,139.13,137.41,136.56,109.49,108.35,153.57,152.82,113.05,111.72,108.37,107.87,124.64,123.73,140.34,139.05,129.64,128.78,126.73,125.72
10/1/1998,141.05,139.90,137.28,136.85,109.34,108.48,154.12,153.67,112.77,111.76,108.94,108.77,124.70,123.99,140.83,139.95,130.03,129.37,126.98,126.26
11/1/1998,141.40,140.77,138.31,137.71,109.49,108.97,154.14,154.18,114.28,113.73,109.50,109.51,125.14,124.73,142.39,141.67,130.35,129.76,127.54,127.09
12/1/1998,141.28,141.14,138.33,138.06,110.09,109.89,154.47,154.92,114.06,114.03,109.38,109.62,125.50,125.24,142.35,142.43,131.19,131.00,127.75,127.66
1/1/1999,141.29,141.68,138.82,138.49,110.49,110.46,154.56,155.40,114.25,114.56,110.70,111.15,126.21,125.96,142.56,143.06,131.08,131.31,128.20,128.37
2/1/1999,142.42,142.44,139.39,139.19,110.00,110.76,155.55,156.26,114.82,115.82,111.03,111.52,126.75,126.50,142.83,143.27,131.72,131.65,128.69,128.91
3/1/1999,143.40,142.86,140.31,139.93,110.68,110.75,157.89,157.77,115.91,116.44,112.69,112.49,127.53,127.04,144.37,143.90,132.31,131.98,129.78,129.48
4/1/1999,144.22,143.32,140.64,139.94,111.72,111.60,158.06,157.47,117.69,117.52,113.63,113.22,128.26,127.58,145.58,144.84,133.77,132.94,130.72,130.11
5/1/1999,145.96,144.27,141.44,140.53,113.16,112.35,159.36,158.53,119.30,118.55,114.84,113.85,129.28,128.44,146.94,145.43,134.55,133.41,131.98,130.88
6/1/1999,146.64,144.72,141.93,140.60,115.35,113.44,160.23,159.16,121.47,119.42,115.86,114.75,129.93,128.61,148.08,146.27,135.26,133.98,133.03,131.48
7/1/1999,147.43,145.42,142.21,141.21,116.19,114.27,160.89,159.94,122.65,120.63,116.29,115.31,130.49,129.39,148.65,146.66,136.31,134.81,133.73,132.22
8/1/1999,148.11,146.35,142.52,141.58,116.63,114.79,161.78,160.80,123.50,121.71,117.08,116.21,131.09,130.04,149.97,148.15,136.84,135.45,134.41,133.01
9/1/1999,148.11,146.61,143.07,142.13,116.39,115.06,162.94,162.21,124.29,122.72,117.50,116.94,131.14,130.16,149.23,147.82,136.55,135.62,134.50,133.39
10/1/1999,148.51,147.30,142.65,142.08,117.10,116.16,162.51,162.06,124.55,123.35,118.22,118.00,132.12,131.32,149.32,148.35,137.20,136.45,135.01,134.19
11/1/1999,148.21,147.57,143.57,142.97,117.26,116.61,163.08,163.02,124.49,123.85,118.73,118.77,132.08,131.71,149.95,149.18,137.53,136.98,135.23,134.75
12/1/1999,148.44,148.36,143.77,143.53,117.16,116.94,163.10,163.57,125.99,125.95,119.26,119.51,132.40,132.11,149.83,149.94,137.77,137.58,135.51,135.42
1/1/2000,149.58,149.97,144.43,144.00,118.99,118.87,163.97,164.83,126.88,127.38,121.81,122.33,133.48,133.24,150.42,150.90,138.62,138.92,136.82,137.00
2/1/2000,149.16,149.23,144.47,144.29,117.62,118.39,164.38,165.06,126.21,127.36,120.83,121.32,133.91,133.63,151.43,151.98,138.86,138.84,136.60,136.83
3/1/2000,151.19,150.64,144.68,144.36,119.25,119.43,166.06,165.92,128.67,129.29,123.14,122.93,134.65,134.21,153.04,152.57,140.27,139.89,138.16,137.88
4/1/2000,152.22,151.28,146.04,145.40,120.48,120.46,167.12,166.55,130.74,130.52,124.25,123.81,136.05,135.30,154.63,153.85,141.71,140.70,139.47,138.82
5/1/2000,153.41,151.63,146.19,145.29,121.55,120.75,168.03,167.15,132.97,132.15,125.96,124.88,136.88,135.92,155.86,154.23,142.35,141.13,140.57,139.39
6/1/2000,154.76,152.70,147.11,145.72,123.89,121.79,169.67,168.46,136.21,133.99,127.11,125.91,138.16,136.76,156.99,154.97,143.10,141.77,142.01,140.35
7/1/2000,155.57,153.41,147.44,146.36,124.55,122.53,169.98,168.98,137.05,134.62,127.98,126.93,138.81,137.51,157.84,155.67,143.95,142.38,142.73,141.09
8/1/2000,155.70,153.78,147.00,145.99,125.02,123.06,170.58,169.49,137.65,135.64,129.04,128.06,138.99,137.86,158.41,156.43,144.41,142.93,143.14,141.63
9/1/2000,155.83,154.20,147.19,146.17,126.12,124.57,170.51,169.76,139.05,137.20,130.03,129.32,139.81,138.71,158.72,157.17,144.53,143.51,143.74,142.48
10/1/2000,156.00,154.69,147.24,146.48,126.10,125.06,171.51,171.07,140.44,139.02,131.15,130.85,140.15,139.24,159.26,158.18,144.86,144.01,144.21,143.28
11/1/2000,155.81,155.18,147.63,147.03,127.11,126.32,172.18,172.09,140.23,139.51,132.34,132.40,140.41,140.01,159.04,158.23,145.58,145.06,144.66,144.16
12/1/2000,156.20,156.17,146.70,146.47,127.54,127.31,172.26,172.73,141.43,141.45,133.31,133.58,141.62,141.33,159.01,159.13,145.02,144.81,145.09,145.01
1/1/2001,156.31,156.73,147.96,147.46,127.91,127.73,173.61,174.49,142.19,142.87,134.15,134.77,142.37,142.17,160.04,160.52,145.19,145.59,145.72,145.93
2/1/2001,157.37,157.52,148.26,148.12,128.35,129.09,174.82,175.59,143.45,144.80,135.79,136.33,142.78,142.49,160.51,161.20,146.89,146.97,146.67,146.95
3/1/2001,158.48,157.96,148.58,148.33,129.61,129.89,176.00,175.94,145.40,146.02,137.69,137.54,144.46,144.08,162.23,161.78,147.24,146.80,147.98,147.72
4/1/2001,159.72,158.72,149.22,148.63,130.56,130.61,176.98,176.44,147.45,147.14,138.91,138.51,145.65,144.87,164.29,163.51,148.97,147.82,149.27,148.59
5/1/2001,161.08,159.21,150.48,149.60,132.30,131.48,178.72,177.86,150.23,149.28,140.45,139.31,146.32,145.25,165.59,163.84,148.97,147.66,150.50,149.24
6/1/2001,161.87,159.67,150.84,149.35,135.03,132.76,179.61,178.28,152.70,150.21,141.39,140.06,147.61,146.13,166.79,164.58,149.85,148.42,151.75,149.95
7/1/2001,162.53,160.21,150.82,149.62,135.90,133.74,179.63,178.49,154.55,151.65,142.13,140.89,148.94,147.45,167.98,165.60,150.65,149.06,152.61,150.80
8/1/2001,162.83,160.73,151.24,150.08,137.41,135.30,180.30,179.11,156.14,153.88,143.06,141.90,149.44,148.18,167.92,165.82,150.29,148.72,153.18,151.52
9/1/2001,163.18,161.43,151.59,150.49,138.00,136.22,179.87,179.03,156.78,154.52,144.14,143.25,149.84,148.59,168.57,166.90,150.96,149.88,153.71,152.31
10/1/2001,163.87,162.47,152.61,151.65,138.19,137.04,180.46,180.00,157.23,155.55,144.44,144.02,150.93,149.89,169.18,168.02,151.09,150.15,154.29,153.25
11/1/2001,163.31,162.65,152.06,151.49,139.38,138.43,181.37,181.23,157.29,156.55,144.66,144.70,150.66,150.21,168.67,167.84,150.74,150.25,154.27,153.72
12/1/2001,163.23,163.21,152.03,151.79,139.15,138.89,181.16,181.65,158.58,158.71,146.12,146.40,151.75,151.44,169.39,169.52,151.13,150.88,154.79,154.71
1/1/2002,163.53,164.05,152.89,152.42,140.49,140.29,181.71,182.65,159.40,160.26,147.01,147.85,152.30,152.18,169.28,169.85,150.19,150.68,155.26,155.55
2/1/2002,164.02,164.29,151.90,151.79,140.83,141.49,182.80,183.70,160.70,162.26,148.43,149.03,153.99,153.74,169.39,170.17,151.64,151.81,156.15,156.48
3/1/2002,165.61,165.15,153.55,153.39,142.54,142.90,184.13,184.16,161.91,162.50,150.83,150.81,154.64,154.27,171.76,171.32,152.96,152.48,157.70,157.48
4/1/2002,166.43,165.36,153.55,152.96,144.16,144.25,185.35,184.81,165.91,165.42,152.65,152.30,156.13,155.33,172.81,172.00,153.86,152.64,159.03,158.32
5/1/2002,168.01,166.01,154.39,153.52,146.76,145.89,186.16,185.29,168.12,166.89,155.74,154.51,157.51,156.30,174.52,172.64,154.58,153.18,160.75,159.38
6/1/2002,169.26,166.89,155.36,153.75,149.10,146.66,187.28,185.81,172.05,169.32,157.98,156.51,158.80,157.19,176.13,173.78,155.11,153.56,162.32,160.37
7/1/2002,169.73,167.26,155.40,154.04,150.83,148.48,188.07,186.74,175.47,172.14,160.12,158.57,159.84,158.17,176.86,174.24,155.37,153.78,163.40,161.40
8/1/2002,170.13,167.84,156.73,155.36,152.42,150.09,189.75,188.40,175.58,173.06,161.75,160.33,160.40,158.92,177.39,175.15,155.76,154.12,164.29,162.44
9/1/2002,170.54,168.66,156.11,154.97,153.25,151.25,189.30,188.30,177.20,174.52,162.79,161.59,162.15,160.74,177.79,175.97,156.03,154.90,165.01,163.43
10/1/2002,170.55,169.04,157.40,156.31,154.11,152.79,190.61,190.07,178.39,176.45,164.52,163.99,162.62,161.48,177.94,176.69,156.42,155.42,165.74,164.57
11/1/2002,171.00,170.32,157.21,156.68,154.74,153.63,190.80,190.65,179.22,178.50,165.07,165.07,163.22,162.66,178.34,177.49,156.22,155.76,166.12,165.52
12/1/2002,170.46,170.49,157.21,157.00,156.26,156.01,191.72,192.28,179.20,179.47,166.43,166.76,164.26,163.97,179.02,179.18,156.93,156.65,166.79,166.73
1/1/2003,170.93,171.61,157.75,157.40,157.21,156.98,191.74,192.84,180.13,181.27,167.84,169.05,164.67,164.68,179.16,179.85,156.61,157.20,167.31,167.75
2/1/2003,171.52,171.95,158.75,158.75,158.27,158.90,192.49,193.55,180.41,182.17,170.10,170.78,166.26,166.11,179.68,180.49,157.06,157.31,168.39,168.80
3/1/2003,172.61,172.25,158.86,158.78,158.91,159.30,194.24,194.40,182.43,182.85,171.93,172.08,167.16,166.76,181.75,181.31,157.88,157.33,169.54,169.35
4/1/2003,174.06,172.91,159.92,159.30,160.81,160.89,195.97,195.40,186.06,185.31,174.63,174.32,168.65,167.81,182.19,181.39,158.79,157.58,171.16,170.40
5/1/2003,175.84,173.64,160.52,159.60,163.25,162.29,197.11,196.15,187.26,185.69,177.16,175.74,170.43,169.07,184.09,182.08,159.59,158.05,172.85,171.32
6/1/2003,176.59,174.01,162.03,160.28,165.47,162.84,198.56,196.89,190.58,187.58,178.64,176.90,172.06,170.25,185.52,182.99,160.01,158.27,174.26,172.11
7/1/2003,177.54,174.86,162.36,160.83,167.10,164.56,200.21,198.66,191.57,187.97,181.29,179.33,173.54,171.74,186.80,183.91,160.53,158.93,175.59,173.39
8/1/2003,178.14,175.62,163.11,161.58,169.26,166.65,200.98,199.38,193.13,190.46,184.03,182.30,174.13,172.39,187.53,185.11,161.27,159.55,176.75,174.67
9/1/2003,178.20,176.19,163.57,162.39,170.64,168.49,202.59,201.43,196.44,193.48,186.28,184.73,175.44,173.86,188.02,186.04,161.56,160.36,177.82,176.08
10/1/2003,178.67,177.08,163.72,162.67,170.69,169.18,203.16,202.53,196.93,194.93,188.69,188.08,176.23,174.96,187.89,186.54,161.05,160.00,178.37,177.11
11/1/2003,178.55,177.88,163.05,162.51,171.91,170.71,203.66,203.53,198.07,197.36,190.97,190.94,177.44,176.72,188.96,188.10,161.17,160.72,179.15,178.51
12/1/2003,178.63,178.75,163.86,163.64,173.33,173.09,205.21,205.87,199.11,199.58,193.40,193.90,178.12,177.87,188.04,188.27,161.81,161.55,179.99,179.98
1/1/2004,177.52,178.38,164.36,164.23,174.03,173.79,206.81,208.19,199.17,200.56,195.31,197.03,179.70,179.91,188.89,189.78,160.91,161.49,180.51,181.13
2/1/2004,179.40,180.03,165.43,165.52,175.99,176.60,207.58,208.89,199.91,201.83,198.16,198.89,180.86,180.82,189.66,190.42,162.06,162.38,182.03,182.52
3/1/2004,180.59,180.35,165.34,165.29,176.31,176.69,210.51,210.73,202.94,203.07,202.56,202.96,183.40,182.90,191.54,191.11,164.10,163.51,184.04,183.86
4/1/2004,182.16,180.90,166.88,166.09,179.24,179.28,214.66,213.97,206.42,205.28,206.13,205.76,185.74,184.76,192.14,191.28,165.08,163.92,186.25,185.38
5/1/2004,184.00,181.52,167.90,166.80,182.48,181.35,216.46,215.27,208.98,206.82,212.34,210.61,188.52,186.90,195.17,193.00,165.98,164.28,188.92,187.13
6/1/2004,185.24,182.37,170.16,168.25,185.91,183.04,220.90,218.84,213.31,209.98,217.66,215.47,190.82,188.72,196.36,193.61,167.10,165.16,191.50,189.05
7/1/2004,185.93,183.01,170.88,169.14,187.34,184.57,223.01,221.10,215.64,211.80,221.86,219.24,193.06,191.10,197.47,194.26,166.79,165.10,193.05,190.58
8/1/2004,186.46,183.65,171.30,169.64,188.52,185.55,224.56,222.59,216.25,213.29,224.55,222.39,195.25,193.16,197.97,195.34,167.74,165.89,194.35,191.96
9/1/2004,185.98,183.84,171.12,169.82,189.36,187.12,227.88,226.49,218.59,215.43,227.66,225.57,197.08,195.29,198.11,195.91,167.98,166.70,195.41,193.45
10/1/2004,186.38,184.73,171.53,170.59,191.75,190.01,228.29,227.58,218.87,216.81,229.09,228.40,198.54,197.13,198.30,196.81,167.99,166.89,196.28,194.91
11/1/2004,186.16,185.56,171.38,170.78,193.04,191.79,230.38,230.37,217.73,217.04,232.98,232.94,199.89,199.07,199.26,198.46,168.70,168.25,197.35,196.68
12/1/2004,185.78,186.06,173.24,173.05,194.01,193.83,231.66,232.58,218.95,219.51,236.38,237.20,201.70,201.54,198.07,198.42,168.70,168.51,198.31,198.42
1/1/2005,185.74,186.84,173.00,173.17,195.22,194.93,233.36,235.23,219.74,221.33,236.78,239.13,203.64,204.15,197.85,199.02,168.81,169.44,198.96,199.83
2/1/2005,185.47,186.27,174.40,174.60,194.94,195.54,238.92,240.49,221.86,223.94,242.24,243.00,205.77,205.88,199.44,200.16,169.73,170.13,200.71,201.29
3/1/2005,187.84,187.71,175.80,175.81,197.36,197.65,242.28,242.56,224.91,224.54,247.16,247.92,209.62,208.94,201.22,200.84,171.37,170.78,203.53,203.33
4/1/2005,189.83,188.51,177.29,176.30,199.52,199.46,247.99,247.19,227.32,225.77,252.08,251.62,212.34,211.02,203.63,202.62,172.71,171.66,206.16,205.13
5/1/2005,191.47,188.69,178.38,176.99,201.45,199.99,252.37,250.79,230.87,228.20,258.16,256.08,215.98,214.00,205.30,202.95,174.49,172.64,208.94,206.82
6/1/2005,192.23,189.01,179.96,177.84,205.54,202.41,256.59,253.91,231.22,227.53,262.25,259.43,219.97,217.35,206.62,203.57,175.89,173.67,211.45,208.57
7/1/2005,192.72,189.52,181.37,179.37,209.36,206.34,259.62,257.22,233.43,229.57,266.90,263.47,222.24,219.97,207.71,204.20,176.82,174.95,213.51,210.68
8/1/2005,192.86,189.73,182.10,180.33,210.42,207.05,263.96,261.49,233.48,230.37,270.17,267.54,225.24,222.70,207.87,204.98,177.11,175.04,214.94,212.19
9/1/2005,193.48,191.25,182.43,180.99,211.55,209.24,266.82,265.22,234.94,231.88,274.39,271.75,226.68,224.63,207.98,205.59,177.92,176.59,216.30,214.15
10/1/2005,193.18,191.54,183.52,182.70,211.66,209.71,269.25,268.56,233.81,231.77,273.88,273.07,227.90,226.23,208.16,206.42,179.46,178.29,216.84,215.34
11/1/2005,192.22,191.72,185.14,184.42,212.66,211.43,270.76,270.96,233.27,232.67,274.19,274.24,230.06,229.20,207.98,207.28,179.58,179.08,217.39,216.75
12/1/2005,191.08,191.57,186.19,186.07,212.30,212.13,272.09,273.46,229.85,230.45,276.72,277.96,231.13,231.10,207.87,208.36,180.56,180.53,217.75,218.03
1/1/2006,190.68,192.05,187.31,187.82,213.99,213.73,273.51,276.00,230.13,231.81,275.60,278.53,232.61,233.46,207.93,209.45,180.97,181.66,218.25,219.39
2/1/2006,191.20,192.17,187.54,187.82,212.58,213.19,276.89,278.59,230.42,232.54,279.86,280.57,232.87,233.08,208.66,209.40,182.04,182.55,219.16,219.82
3/1/2006,192.13,192.09,189.20,189.26,214.86,214.98,279.88,280.31,232.84,232.03,279.70,280.76,235.72,234.84,210.06,209.86,183.91,183.35,220.90,220.69
4/1/2006,194.39,193.12,191.04,189.89,215.86,215.66,281.42,280.44,232.91,231.01,281.29,280.75,237.17,235.44,211.33,210.07,184.40,183.38,222.31,221.11
5/1/2006,195.70,192.57,192.85,191.08,217.28,215.44,285.14,282.98,234.14,231.23,283.37,281.21,238.11,235.77,213.00,210.43,187.19,185.19,224.08,221.64
6/1/2006,195.66,192.10,194.06,191.55,219.11,215.90,286.45,283.05,234.41,230.67,283.51,280.37,239.21,236.09,213.99,210.57,188.08,185.52,224.89,221.63
7/1/2006,195.68,192.24,194.38,192.13,217.63,214.50,286.32,283.32,233.26,229.72,282.43,278.57,238.80,236.17,215.03,211.29,188.39,186.18,224.63,221.50
8/1/2006,195.14,191.79,194.83,192.93,219.53,215.90,287.44,284.56,231.94,228.93,281.37,278.60,240.09,237.36,214.72,211.60,189.83,187.44,225.08,222.09
9/1/2006,194.24,191.93,194.86,193.21,217.64,215.45,285.96,284.33,230.28,227.64,279.98,277.22,239.94,237.69,213.79,211.28,189.77,188.36,224.27,222.03
10/1/2006,193.05,191.45,194.75,193.89,217.95,215.91,288.64,287.98,229.04,227.11,276.08,275.12,240.44,238.69,213.32,211.27,190.41,189.10,223.86,222.27
11/1/2006,191.22,190.76,195.66,194.81,217.12,215.94,288.81,289.12,228.33,227.80,276.03,276.19,240.75,239.96,212.96,212.33,191.06,190.49,223.57,222.94
12/1/2006,190.87,191.57,196.40,196.46,215.39,215.22,287.90,289.70,226.12,226.50,274.03,275.48,239.97,240.11,210.36,210.95,190.76,190.95,222.58,223.03
1/1/2007,190.85,192.43,195.44,196.24,216.30,216.09,286.98,289.71,225.92,227.54,274.01,277.10,238.43,239.55,210.94,212.82,191.98,192.82,222.48,223.83
2/1/2007,190.53,191.69,197.21,197.70,215.66,216.27,287.64,289.08,224.44,226.45,273.30,273.87,240.90,241.31,213.19,214.09,192.57,193.20,223.10,223.85
3/1/2007,191.57,191.75,198.43,198.68,217.39,217.36,290.71,291.50,228.72,227.71,277.29,278.52,241.61,240.70,214.11,214.23,194.10,193.67,224.84,224.74
4/1/2007,192.14,191.00,200.79,199.67,220.08,219.87,292.44,291.48,229.42,227.44,276.99,276.55,243.04,241.00,215.03,213.55,195.33,194.22,226.04,224.79
5/1/2007,193.40,190.00,201.10,198.99,220.07,217.93,292.05,289.42,230.50,227.63,274.66,272.68,242.56,240.01,216.17,213.38,196.86,194.74,226.30,223.66
6/1/2007,193.45,189.66,202.07,199.23,220.99,217.77,293.66,289.96,229.04,225.26,272.52,269.33,241.93,238.50,216.62,212.80,197.40,194.51,226.26,222.78
7/1/2007,191.91,188.34,201.31,198.85,220.32,217.09,292.10,288.79,227.88,224.57,270.51,266.62,238.91,236.04,216.90,213.06,197.99,195.41,225.00,221.70
8/1/2007,191.34,187.83,200.39,198.34,219.95,216.28,290.01,286.90,227.91,224.98,263.42,260.68,238.94,236.21,215.14,211.76,198.66,195.99,223.79,220.70
9/1/2007,188.75,186.40,200.99,199.18,217.97,216.00,286.18,284.65,225.21,222.93,260.58,257.97,237.19,234.95,215.66,213.17,197.58,196.13,222.01,219.81
10/1/2007,186.74,185.16,199.35,198.41,218.05,215.87,281.67,280.95,224.08,222.08,254.00,252.87,234.71,233.06,211.17,208.89,197.52,196.19,219.57,217.95
11/1/2007,184.89,184.31,199.62,198.63,216.04,214.92,278.87,279.19,221.66,220.98,247.51,247.65,231.22,230.45,210.84,210.24,196.23,195.66,217.12,216.48
12/1/2007,182.34,183.17,198.43,198.74,215.32,215.18,274.10,276.03,220.70,220.83,241.56,242.97,228.78,229.01,209.41,210.02,196.20,196.69,214.83,215.39
1/1/2008,180.11,181.80,195.05,196.04,214.34,214.33,270.53,272.99,218.12,219.54,236.27,239.04,226.07,227.38,206.56,208.79,194.68,195.68,212.12,213.57
2/1/2008,180.08,181.44,196.82,197.55,213.13,213.77,272.52,273.78,218.80,220.79,231.95,232.51,223.56,224.22,206.66,207.82,195.19,195.96,211.34,212.22
3/1/2008,180.03,180.55,196.74,197.32,213.16,213.21,269.69,270.95,218.04,217.21,224.44,225.44,223.37,222.71,207.57,208.09,195.37,195.11,210.25,210.38
4/1/2008,179.65,178.75,197.76,196.87,211.31,211.10,266.24,265.49,217.58,215.64,220.97,220.60,221.42,219.49,208.40,206.88,196.15,194.85,209.19,208.03
5/1/2008,180.65,177.26,198.79,196.54,213.51,211.29,265.60,262.92,215.86,213.11,216.89,215.34,217.19,214.68,207.81,205.03,196.99,194.83,208.32,205.74
6/1/2008,180.46,176.67,198.18,195.21,212.34,209.18,262.72,259.24,216.48,212.74,214.60,211.98,216.40,213.03,208.98,204.91,198.68,195.56,207.84,204.41
7/1/2008,179.09,175.50,196.97,194.33,211.89,208.58,258.45,255.10,214.38,211.27,210.52,207.26,213.31,210.46,207.55,203.70,198.07,195.19,205.78,202.49
8/1/2008,177.95,174.49,195.46,193.25,210.81,207.27,254.71,251.86,212.46,209.67,205.61,203.35,209.48,206.97,207.08,203.65,196.35,193.61,203.38,200.43
9/1/2008,173.98,171.66,194.23,192.39,209.88,208.03,250.77,249.32,210.15,208.15,201.53,199.39,205.67,203.57,204.30,201.91,196.97,195.52,200.67,198.59
10/1/2008,172.95,171.43,192.70,191.64,206.98,204.71,243.65,242.88,210.78,208.62,197.87,196.74,203.81,202.39,204.03,201.65,194.81,193.50,198.52,196.94
11/1/2008,169.24,168.43,191.57,190.61,205.46,204.40,237.22,237.40,206.52,205.53,192.36,192.31,197.49,196.72,198.14,197.43,191.53,190.96,194.15,193.45
12/1/2008,167.65,168.52,189.25,189.81,202.48,202.33,236.84,238.60,205.34,205.06,189.94,191.14,193.93,194.13,199.12,199.66,191.52,192.19,192.36,192.92
1/1/2009,169.83,171.74,189.35,190.43,202.02,202.17,237.34,239.46,206.39,207.51,186.60,188.89,197.18,198.43,199.41,201.91,191.12,192.31,192.96,194.44
2/1/2009,169.15,170.74,189.30,190.22,202.61,203.34,236.73,237.89,209.91,211.84,187.91,188.60,197.68,198.62,201.79,203.24,192.85,193.76,193.67,194.72
3/1/2009,168.40,169.32,188.90,189.70,202.77,203.00,229.32,230.79,207.50,207.02,185.42,186.30,195.26,194.85,198.79,199.70,193.69,193.53,192.02,192.38
4/1/2009,168.64,167.95,189.58,188.81,201.84,201.64,230.65,230.13,208.99,207.34,184.69,184.46,195.05,193.24,201.40,199.97,193.90,192.36,192.25,191.20
5/1/2009,172.38,168.99,191.05,188.54,203.10,200.91,230.78,228.18,206.54,203.79,185.10,183.74,196.10,193.58,202.69,199.86,195.29,193.09,193.63,191.08
6/1/2009,171.58,167.71,194.02,190.85,202.43,199.15,229.63,226.27,207.94,203.96,187.35,184.89,196.54,193.15,204.15,199.78,198.21,194.86,194.49,191.00
7/1/2009,170.26,166.53,191.56,188.49,203.37,199.90,229.31,225.85,207.40,204.17,187.87,184.80,196.45,193.48,203.16,199.04,195.96,192.81,193.83,190.41
8/1/2009,169.81,166.26,191.51,188.94,203.72,200.31,227.02,224.25,205.64,202.73,188.56,186.41,193.91,191.27,202.64,199.07,195.84,193.13,193.10,190.12
9/1/2009,169.12,166.68,188.07,186.11,201.02,199.13,224.35,222.73,205.21,203.20,187.53,185.50,194.88,192.68,201.23,198.84,194.30,192.83,192.03,189.90
10/1/2009,167.44,165.86,191.01,189.72,202.40,200.03,224.42,223.48,205.50,203.24,188.32,187.08,192.10,190.69,201.79,199.38,196.28,195.05,191.92,190.28
11/1/2009,168.32,167.23,190.06,189.10,201.12,200.00,223.49,223.52,204.36,203.05,189.36,189.24,192.80,191.86,200.82,199.94,194.25,193.66,191.76,190.91
12/1/2009,163.96,164.93,186.59,187.27,200.95,200.78,219.07,220.64,203.70,203.23,185.57,186.80,188.00,188.17,197.82,198.26,193.27,194.19,188.53,189.11
1/1/2010,162.59,164.78,186.07,187.20,199.84,200.19,219.76,221.54,200.80,201.92,183.30,185.70,188.80,190.10,194.18,196.92,192.59,194.08,187.53,189.14
2/1/2010,162.13,164.03,184.39,185.58,200.67,201.68,217.97,219.16,199.13,201.08,185.60,186.74,185.77,186.92,196.07,197.85,192.32,193.42,187.06,188.35
3/1/2010,163.02,164.24,183.98,184.91,199.25,199.80,216.94,218.60,201.50,201.45,185.59,186.43,187.82,187.55,196.14,197.30,192.92,192.74,187.59,188.10
4/1/2010,164.84,164.24,186.15,185.47,198.77,198.51,219.80,219.30,200.80,199.58,186.98,186.79,189.85,188.12,200.07,198.80,195.58,193.88,189.41,188.39
5/1/2010,167.86,164.43,188.50,185.82,200.89,198.72,219.27,216.56,204.09,201.14,189.09,187.56,188.74,186.05,202.36,199.48,198.20,195.92,191.03,188.36
6/1/2010,166.59,162.53,186.33,183.05,202.37,198.77,216.80,213.21,204.63,200.39,185.73,183.17,189.30,185.75,202.33,197.60,196.38,192.88,190.07,186.38
7/1/2010,165.66,161.61,186.68,183.39,201.59,197.76,215.58,211.79,203.47,199.86,186.07,182.88,186.53,183.39,198.62,194.15,195.90,192.59,188.88,185.21
8/1/2010,165.91,162.20,185.67,182.96,199.73,196.27,214.01,211.24,203.80,200.59,183.51,181.35,185.79,183.01,199.05,195.41,196.00,193.49,188.12,185.06
9/1/2010,162.93,160.29,184.03,181.94,198.20,196.14,210.16,208.38,201.34,199.20,182.39,180.40,182.51,180.29,196.48,194.03,192.20,190.78,185.48,183.26
10/1/2010,164.15,162.53,183.02,181.63,200.11,197.71,210.52,209.53,201.76,199.48,179.64,178.41,181.84,180.49,195.57,193.29,191.14,190.13,185.15,183.54
11/1/2010,162.80,161.56,182.99,182.24,197.76,196.57,204.93,204.97,200.28,198.71,178.61,178.46,181.61,180.64,193.28,192.22,190.87,190.35,183.84,182.94
12/1/2010,158.38,159.42,177.96,178.66,195.10,194.99,203.48,205.10,198.25,197.67,175.96,177.20,179.30,179.44,191.98,192.32,188.52,189.53,180.99,181.58
1/1/2011,156.34,158.77,178.79,179.94,193.40,193.91,203.37,205.09,198.57,199.77,172.18,174.63,175.69,176.96,187.29,190.12,187.95,189.51,178.83,180.50
2/1/2011,155.23,157.45,177.50,178.84,192.31,193.66,197.71,199.02,193.18,195.24,172.12,173.54,174.10,175.46,186.54,188.51,187.74,188.91,177.41,178.91
3/1/2011,152.91,154.29,175.80,176.58,191.15,191.98,196.66,198.36,192.21,192.47,171.23,171.90,173.53,173.31,186.77,187.93,187.98,187.61,176.43,176.97
4/1/2011,155.37,154.76,178.57,177.68,193.87,193.59,196.87,196.39,196.49,195.82,171.33,171.05,175.05,173.45,188.80,187.71,191.37,189.59,178.41,177.42
5/1/2011,158.71,155.43,180.34,177.41,193.27,191.12,199.06,196.44,197.28,194.07,171.35,169.66,176.27,173.52,190.72,187.88,191.55,189.21,179.71,177.01
6/1/2011,160.41,156.27,180.80,177.32,195.43,191.49,199.86,196.20,199.27,194.75,171.60,169.01,177.35,173.74,193.55,188.69,194.66,191.02,181.24,177.42
7/1/2011,162.05,157.75,182.89,179.33,195.82,191.83,200.70,197.00,197.09,193.06,172.94,169.85,176.54,173.24,194.91,190.06,192.60,189.18,181.60,177.77
8/1/2011,159.55,155.76,182.49,179.62,194.68,191.19,199.52,196.83,196.52,193.02,171.02,168.87,177.22,174.34,192.81,189.09,191.14,188.83,180.42,177.31
9/1/2011,159.19,156.46,179.78,177.56,193.36,191.16,201.30,199.49,196.61,194.43,171.47,169.61,178.79,176.60,193.03,190.50,191.41,189.87,180.59,178.33
10/1/2011,156.83,155.25,178.57,177.20,191.75,189.51,198.35,197.38,195.76,193.78,170.09,168.99,176.54,175.24,192.64,190.56,190.78,190.01,178.91,177.40
11/1/2011,158.83,157.62,178.59,178.00,189.39,188.21,198.77,198.85,195.45,193.89,169.55,169.42,175.75,174.80,192.84,191.66,192.30,191.76,179.04,178.14
12/1/2011,155.59,156.74,180.93,181.67,188.85,188.82,199.88,201.48,194.81,194.52,167.92,169.13,176.39,176.51,187.79,188.06,191.60,192.62,178.02,178.63
1/1/2012,153.37,156.01,175.65,176.81,189.28,189.99,197.93,199.56,191.47,192.85,167.28,169.69,173.85,175.31,189.65,192.56,188.43,190.01,176.19,177.96
2/1/2012,153.47,155.91,177.38,178.88,186.82,188.52,200.27,201.71,191.19,193.41,168.23,169.89,174.65,176.15,188.91,191.15,191.03,192.29,176.78,178.47
3/1/2012,155.59,157.01,180.80,181.29,189.28,190.37,204.06,205.74,192.26,192.76,171.45,171.92,176.86,176.66,191.05,192.13,194.57,193.93,179.44,179.93
4/1/2012,158.62,157.81,182.21,181.01,190.06,189.76,208.49,207.85,191.85,191.55,173.73,173.17,180.83,179.29,192.54,191.51,196.71,194.90,181.95,180.87
5/1/2012,162.27,158.94,185.25,182.08,192.67,190.42,213.41,210.52,196.24,192.66,177.10,175.06,182.33,179.32,196.64,193.69,197.44,194.91,184.81,181.89
6/1/2012,163.64,159.13,186.16,182.43,194.62,190.32,218.70,214.43,197.83,192.96,179.80,176.97,183.37,179.48,199.15,194.01,199.58,195.77,186.78,182.64
7/1/2012,163.80,159.15,185.59,181.93,194.04,189.82,220.18,216.05,197.51,192.92,179.44,176.12,183.98,180.39,201.01,195.70,200.95,197.35,187.16,183.03
8/1/2012,164.04,160.02,184.35,181.49,193.81,190.12,220.06,217.05,197.94,194.05,183.27,180.96,184.84,181.91,199.06,195.21,199.83,197.61,187.57,184.31
9/1/2012,163.22,160.33,183.83,181.50,194.17,191.82,221.12,219.10,196.59,194.32,182.31,180.49,185.17,183.04,197.82,195.17,200.60,198.97,187.34,185.00
10/1/2012,162.44,160.92,184.36,183.06,191.48,189.40,221.05,220.14,195.52,193.77,185.15,184.18,184.78,183.49,198.88,197.00,200.46,199.87,187.30,185.88
11/1/2012,161.36,160.26,183.96,183.51,192.60,191.50,222.81,223.10,197.18,195.78,186.13,186.12,184.76,183.95,198.96,197.82,200.98,200.56,187.56,186.77
12/1/2012,159.49,160.75,183.94,184.63,192.01,192.10,222.70,224.58,196.63,196.58,187.28,188.74,184.40,184.60,197.86,198.23,199.88,200.86,186.99,187.70
1/1/2013,159.42,162.39,182.57,183.78,190.35,191.17,224.56,226.54,195.04,196.58,189.19,191.92,184.79,186.46,196.48,199.45,200.85,202.47,187.12,189.08
2/1/2013,160.21,162.90,184.05,185.64,191.20,193.27,226.54,228.13,195.06,197.30,191.17,193.21,186.82,188.35,197.05,199.50,202.28,203.59,188.48,190.35
3/1/2013,163.09,164.34,186.70,186.68,192.25,193.44,231.11,232.56,198.91,199.36,196.54,196.88,190.52,190.10,200.31,201.19,205.51,204.51,191.88,192.18
4/1/2013,166.40,165.30,189.02,187.33,194.56,194.28,236.15,235.18,198.50,198.21,200.99,200.04,191.92,190.19,201.66,200.47,207.18,205.36,194.42,193.10
5/1/2013,169.40,165.96,190.97,187.47,197.33,194.82,240.06,236.72,203.65,199.59,205.67,203.09,196.01,192.62,204.83,201.63,210.02,207.20,197.92,194.65
6/1/2013,171.86,166.89,193.37,189.42,199.68,194.94,243.27,238.28,205.38,199.91,209.14,205.77,197.88,193.48,209.27,203.84,211.79,207.73,200.48,195.86
7/1/2013,173.01,167.97,191.22,187.44,200.64,196.09,245.07,240.64,206.54,201.29,212.85,208.92,199.20,195.06,209.69,203.96,210.89,207.09,201.50,196.93
8/1/2013,172.55,168.28,190.53,187.60,199.51,195.53,245.11,241.79,206.14,201.79,212.92,210.30,198.83,195.76,208.97,204.91,210.17,207.89,201.02,197.52
9/1/2013,171.85,168.85,193.81,191.36,198.13,195.61,245.53,243.39,203.41,200.97,214.15,212.33,198.09,195.90,208.48,205.76,210.71,209.02,200.93,198.47
10/1/2013,170.36,168.89,191.02,189.83,198.18,196.21,248.03,247.19,202.84,201.35,214.27,213.44,198.28,196.87,206.37,204.63,210.39,209.98,200.43,199.05
11/1/2013,169.80,168.93,188.94,188.56,197.67,196.70,244.63,245.12,202.28,201.09,213.73,213.94,197.73,197.03,206.55,205.58,210.68,210.42,199.75,199.10
12/1/2013,169.00,170.46,189.26,189.83,195.41,195.54,244.25,246.26,200.60,200.90,213.48,215.17,198.33,198.56,205.20,205.69,212.87,213.76,199.52,200.30
1/1/2014,167.67,170.91,188.43,189.55,195.62,196.57,246.92,249.13,201.19,202.91,213.63,216.55,197.10,198.86,204.91,207.75,212.17,213.82,199.09,201.15
2/1/2014,168.29,171.06,189.98,191.56,193.96,196.21,249.84,251.31,199.01,201.17,216.56,218.74,198.70,200.03,205.34,207.89,213.59,214.85,200.13,201.99
3/1/2014,170.67,171.58,191.10,190.62,195.26,196.44,249.24,250.18,204.45,204.78,219.52,219.57,201.45,200.69,208.31,208.84,216.78,215.49,202.55,202.53
4/1/2014,173.90,172.51,193.61,191.71,197.59,197.28,253.18,251.77,203.34,202.78,222.16,220.72,202.93,200.91,211.77,210.26,217.04,215.25,204.75,203.16
5/1/2014,175.80,172.22,195.39,191.82,200.56,197.81,255.63,251.95,209.51,205.23,224.42,221.38,205.46,201.75,212.97,209.46,219.21,216.10,207.14,203.58
6/1/2014,178.03,172.76,197.13,193.02,203.18,198.26,258.96,253.75,211.13,205.29,226.69,223.05,207.92,203.19,215.96,210.39,221.14,216.91,209.50,204.61
7/1/2014,179.08,173.88,197.18,193.43,202.66,197.92,257.98,253.59,211.69,206.00,228.52,224.41,208.36,203.86,216.59,210.71,223.16,219.25,210.23,205.45
8/1/2014,179.05,174.74,196.92,194.06,203.03,198.83,259.76,256.38,210.88,206.35,229.05,226.31,206.33,203.32,215.57,211.36,222.59,220.17,209.84,206.24
9/1/2014,177.90,174.87,196.02,193.65,200.34,197.76,259.12,257.14,208.88,206.32,227.79,226.14,206.42,204.24,214.46,211.76,222.77,221.00,208.92,206.46
10/1/2014,177.39,176.00,195.67,194.60,200.47,198.60,259.37,258.73,207.41,206.09,228.55,227.92,206.84,205.38,214.55,212.92,221.94,221.59,208.85,207.54
11/1/2014,176.22,175.64,196.78,196.56,200.22,199.45,259.61,260.08,207.43,206.53,228.86,229.23,207.95,207.34,214.88,214.07,223.26,223.21,209.13,208.64
12/1/2014,175.83,177.36,194.89,195.36,200.38,200.61,261.38,263.49,205.62,206.24,229.44,231.24,208.26,208.50,213.63,214.37,223.85,224.69,209.07,209.90
1/1/2015,173.39,176.69,197.15,198.22,198.71,199.61,262.82,265.10,204.71,206.41,230.01,232.96,206.25,207.90,211.71,214.35,223.98,225.69,208.16,210.19
2/1/2015,175.70,178.39,195.88,197.28,198.15,200.43,266.04,267.12,207.40,209.41,231.89,233.83,210.53,211.68,212.10,214.58,225.93,227.09,210.13,211.85
3/1/2015,177.92,178.42,200.25,199.35,200.64,201.66,266.73,266.91,209.60,209.78,235.51,235.19,213.07,212.02,215.43,215.58,228.30,226.76,212.81,212.42
4/1/2015,180.64,178.96,202.87,200.83,201.44,201.11,270.36,268.46,210.95,209.98,238.92,237.01,214.40,212.01,219.30,217.41,230.04,228.20,215.11,213.22
5/1/2015,183.86,180.13,203.16,199.54,205.13,202.20,274.49,270.44,215.11,210.69,241.62,238.23,217.83,213.81,222.06,218.19,233.89,230.40,218.29,214.46
6/1/2015,186.64,181.14,204.30,200.16,207.18,202.18,276.76,271.42,219.07,212.98,243.21,239.40,219.84,214.94,223.92,218.31,235.18,230.83,220.36,215.29
7/1/2015,185.89,180.69,204.21,200.42,208.45,203.55,280.35,275.99,218.28,212.40,245.44,241.36,220.65,215.92,224.93,219.00,236.07,232.11,221.15,216.26
8/1/2015,184.49,180.20,204.99,202.07,208.21,203.92,279.13,275.65,217.16,212.52,245.03,242.30,219.29,216.19,224.94,220.64,235.76,233.07,220.43,216.73
9/1/2015,184.91,181.94,204.34,202.14,206.59,203.95,279.62,277.81,215.08,212.44,245.02,243.54,219.96,217.77,223.53,220.95,235.70,233.84,220.24,217.79
10/1/2015,184.32,182.92,204.61,203.66,206.46,204.65,278.55,277.98,214.57,213.33,246.16,245.74,220.84,219.37,223.40,221.80,235.45,235.16,220.32,219.03
11/1/2015,184.26,183.92,204.66,204.35,204.95,204.27,283.05,283.38,213.89,213.15,248.09,248.58,220.66,220.02,222.89,222.17,234.85,234.97,220.48,220.05
12/1/2015,182.86,184.46,205.41,205.85,204.62,204.89,280.12,282.10,214.53,215.37,247.99,249.87,220.72,220.94,223.96,224.91,235.14,235.95,220.19,221.03
1/1/2016,181.88,185.23,206.59,207.51,203.05,203.95,281.18,283.52,215.57,217.18,246.94,249.86,221.96,223.56,223.51,226.00,235.12,236.91,220.10,222.09
2/1/2016,181.90,184.32,204.74,205.80,204.04,206.21,284.88,285.64,211.97,213.67,251.26,252.91,221.24,222.14,225.39,227.83,236.30,237.25,220.82,222.28
3/1/2016,186.03,186.20,208.15,206.91,205.56,206.36,289.16,288.66,215.26,215.28,255.16,254.45,225.63,224.33,226.63,226.33,241.79,240.13,224.56,223.86
4/1/2016,188.64,186.70,210.57,208.53,207.38,206.94,291.88,289.57,219.65,218.12,258.50,256.14,228.62,225.86,229.87,227.61,242.62,240.67,227.18,225.00
5/1/2016,191.59,187.75,213.19,209.56,211.53,208.48,296.32,291.97,222.13,217.66,260.46,256.74,230.84,226.52,232.17,227.95,246.01,242.15,230.06,225.99
6/1/2016,194.45,188.84,213.71,209.49,214.77,209.81,298.47,293.26,224.71,218.57,261.88,257.98,233.62,228.67,234.61,228.92,247.51,243.00,232.37,227.21
7/1/2016,194.76,189.56,215.21,211.20,214.89,209.89,298.42,294.06,225.15,219.22,263.82,259.82,234.51,229.71,236.89,230.89,248.82,244.91,233.32,228.38
8/1/2016,195.31,191.04,215.53,212.48,214.68,210.40,299.71,296.25,225.16,220.40,263.69,261.00,234.24,230.96,235.41,231.03,248.28,245.39,233.26,229.47
9/1/2016,194.60,191.59,215.33,213.22,213.84,211.13,300.08,298.31,225.54,222.75,265.26,263.82,234.56,232.29,235.46,232.91,247.71,245.73,233.24,230.74
10/1/2016,194.19,192.73,214.61,213.66,214.35,212.57,302.45,301.87,224.15,222.76,265.12,264.84,235.46,233.91,234.94,233.30,247.19,246.78,233.30,231.97
11/1/2016,193.53,193.31,214.92,214.51,214.11,213.46,302.33,302.47,225.67,224.87,266.55,267.10,234.94,234.19,235.81,235.19,247.82,247.93,233.45,233.00
12/1/2016,193.05,194.71,217.02,217.31,213.01,213.36,303.01,304.86,223.94,224.69,266.91,268.90,235.62,235.79,233.94,235.16,249.11,249.93,233.53,234.38
1/1/2017,191.42,194.78,213.08,213.78,212.38,213.17,303.40,305.93,224.79,226.13,267.29,270.12,234.68,236.02,233.16,235.61,249.56,251.50,232.76,234.65
2/1/2017,193.85,195.98,216.91,217.58,212.79,214.81,307.81,308.33,223.87,225.37,270.10,271.34,236.53,237.13,234.33,236.59,251.04,251.82,234.77,235.95
3/1/2017,197.64,197.46,220.49,219.03,213.75,214.23,312.09,310.91,228.42,228.24,275.06,273.91,240.14,238.58,238.96,238.22,253.64,251.88,238.35,237.31
4/1/2017,199.92,197.73,221.64,219.61,217.44,216.78,315.22,312.46,231.44,229.39,278.60,275.76,244.42,241.23,241.79,239.25,257.56,255.45,241.59,239.09
5/1/2017,202.84,198.84,224.22,220.61,220.09,216.92,319.70,315.13,233.86,229.40,282.45,278.38,245.93,241.34,246.08,241.49,261.00,256.85,244.55,240.24
6/1/2017,204.44,198.79,226.58,222.35,222.88,218.08,321.84,316.68,237.06,230.99,283.97,280.02,247.66,242.82,247.41,241.70,261.38,256.70,246.31,241.14
7/1/2017,205.51,200.31,227.85,223.59,224.42,219.39,323.37,318.79,238.06,232.16,284.90,281.09,248.68,243.94,248.34,242.30,262.01,258.11,247.39,242.43
8/1/2017,205.73,201.47,226.88,223.64,225.14,220.93,324.26,320.81,237.73,232.78,286.96,284.29,249.69,246.12,248.16,243.77,262.12,258.97,247.92,244.02
9/1/2017,205.00,201.88,226.07,224.03,224.95,222.12,325.08,323.14,237.11,234.16,288.36,286.90,249.04,246.57,246.52,243.93,263.19,261.07,247.76,245.13
10/1/2017,204.66,203.04,227.36,226.35,224.13,222.39,326.42,325.74,236.39,234.87,286.73,286.46,249.53,247.91,246.91,245.05,261.89,261.30,247.52,246.08
11/1/2017,204.28,204.16,226.69,226.15,223.13,222.36,330.24,330.25,236.48,235.53,289.19,289.81,250.14,249.26,248.22,247.66,264.26,264.26,248.31,247.81
12/1/2017,204.16,205.96,227.07,227.24,223.02,223.38,329.26,331.05,236.00,236.67,288.78,290.99,250.75,250.90,245.54,246.99,263.24,264.15,247.96,248.86
1/1/2018,204.29,207.69,228.20,228.78,224.59,225.35,332.17,334.96,236.36,237.59,290.54,293.37,251.63,252.84,247.96,250.53,262.40,264.42,248.91,250.79
2/1/2018,206.98,208.84,229.25,229.60,223.85,225.65,336.30,336.75,238.36,239.89,295.71,296.61,254.35,254.65,248.57,250.68,267.59,268.23,251.60,252.54
3/1/2018,209.37,208.93,232.73,231.18,228.57,228.75,341.59,339.91,239.50,239.02,298.02,296.50,257.12,255.25,253.59,252.44,269.15,267.36,254.65,253.31
4/1/2018,212.29,209.86,232.57,230.57,228.70,227.60,343.87,340.43,242.13,239.64,300.75,297.43,260.76,257.30,255.26,252.48,270.46,268.18,256.82,254.00
5/1/2018,214.51,210.31,238.25,234.67,231.74,228.29,348.22,343.26,246.49,241.98,302.56,298.03,263.32,258.49,258.79,253.76,273.10,268.77,259.81,255.23
6/1/2018,217.48,211.70,239.55,235.23,234.09,229.41,352.52,347.21,248.91,242.91,304.07,300.01,262.79,258.09,261.08,255.11,274.56,269.61,261.56,256.31
7/1/2018,217.45,212.15,239.02,234.55,235.38,230.26,352.34,347.18,249.11,243.15,304.54,300.92,265.33,260.61,263.14,256.97,274.43,270.55,262.36,257.32
8/1/2018,217.63,213.38,239.93,236.64,234.32,230.27,353.29,349.72,249.74,244.62,306.09,303.41,265.81,261.85,260.98,256.51,275.62,272.35,262.69,258.66
9/1/2018,217.51,214.22,238.50,236.40,234.14,231.29,353.99,351.77,248.13,244.99,304.68,303.24,264.86,262.16,259.72,256.91,273.99,271.66,261.85,259.05
10/1/2018,217.20,215.47,239.59,238.36,232.74,230.97,354.26,353.48,248.78,247.13,303.94,303.70,263.77,262.04,260.66,258.62,274.05,273.34,261.54,259.98
11/1/2018,215.45,215.44,241.38,240.73,234.40,233.47,356.01,356.18,247.60,246.66,303.91,304.74,265.45,264.56,260.26,259.90,275.84,275.77,262.07,261.59
12/1/2018,214.43,216.41,240.06,240.12,233.78,234.30,354.47,356.52,247.17,247.83,303.04,305.62,265.89,266.15,259.13,260.81,274.34,275.41,261.31,262.35
1/1/2019,214.34,217.75,240.57,241.10,234.54,235.26,357.76,361.04,246.97,248.11,303.90,306.73,266.26,267.41,259.87,262.66,275.76,277.94,262.00,263.90
2/1/2019,217.75,219.39,243.11,243.17,233.95,235.58,359.25,359.80,249.18,250.94,306.51,307.08,267.75,267.77,261.54,263.46,276.71,277.32,263.84,264.58
3/1/2019,220.04,219.38,245.07,243.50,235.50,235.35,362.87,360.84,251.19,250.30,310.50,308.67,270.98,268.83,266.50,264.98,280.90,279.19,266.93,265.36
4/1/2019,223.25,220.54,248.09,246.03,238.23,236.65,370.14,365.81,254.19,251.16,313.85,310.02,273.85,270.11,267.83,264.71,281.30,278.74,269.79,266.59
5/1/2019,226.11,221.61,249.64,246.02,241.56,237.69,372.31,366.77,257.03,252.28,316.28,311.29,277.32,272.33,270.60,265.02,284.74,280.26,272.72,267.82
6/1/2019,228.28,222.35,252.69,248.19,242.98,238.34,374.07,368.44,259.10,253.01,316.76,312.51,277.40,272.62,272.99,266.73,286.61,281.33,274.23,268.80
7/1/2019,228.71,223.26,253.35,248.56,243.99,238.77,377.30,371.63,260.28,254.16,318.14,314.74,278.18,273.36,273.57,267.25,285.74,281.79,274.98,269.80
8/1/2019,228.62,224.38,251.86,248.45,244.23,240.42,376.16,372.59,261.21,255.88,318.11,315.44,278.46,274.20,273.58,269.02,286.62,283.23,275.01,270.91
9/1/2019,228.52,225.07,254.00,251.84,243.65,240.83,378.63,376.21,259.13,255.77,318.08,316.70,280.12,277.19,273.90,270.87,286.36,283.80,275.45,272.50
10/1/2019,227.94,226.18,253.45,252.02,244.55,242.71,379.06,378.26,259.11,257.25,318.69,318.41,280.50,278.61,273.72,271.55,286.48,285.65,275.57,273.90
11/1/2019,228.65,228.74,252.34,251.55,245.15,244.06,380.08,380.74,260.63,259.78,319.92,321.08,280.93,280.03,272.89,272.74,286.72,286.66,276.02,275.60
12/1/2019,227.05,229.26,255.58,255.69,246.02,246.74,382.90,385.65,260.38,261.21,319.90,323.00,281.32,281.71,274.18,276.15,288.35,289.55,276.57,277.85
1/1/2020,227.14,230.67,256.63,257.33,246.29,247.19,384.91,389.03,262.13,263.47,322.15,325.22,283.80,285.04,272.76,275.90,288.95,291.27,277.61,279.71
2/1/2020,230.88,232.48,259.26,259.12,247.99,249.53,390.90,391.68,263.05,265.25,326.33,326.84,287.86,287.63,276.93,278.80,290.78,291.46,280.98,281.65
3/1/2020,234.19,233.42,261.72,260.09,249.72,249.39,395.64,393.39,266.71,265.41,330.51,328.36,289.00,286.52,279.84,278.14,293.94,292.34,283.80,282.02
4/1/2020,236.51,233.48,264.22,261.96,251.84,249.70,398.41,392.94,268.86,265.06,333.02,328.57,290.99,287.02,283.40,279.79,295.41,292.44,286.10,282.44
5/1/2020,237.79,232.77,265.03,261.19,253.56,249.13,398.03,391.50,268.28,263.14,331.01,325.35,292.32,287.05,284.43,278.09,296.60,291.81,286.82,281.41
6/1/2020,241.23,234.97,267.79,262.96,254.75,249.95,403.33,396.96,272.33,265.70,335.33,330.46,294.96,289.74,288.30,281.56,301.56,295.76,290.28,284.40
7/1/2020,244.77,238.98,272.09,266.81,259.00,253.39,409.61,403.01,278.17,271.59,339.56,336.08,298.67,293.46,291.74,285.01,302.20,297.99,294.00,288.44
8/1/2020,247.05,242.69,274.38,270.81,263.47,259.72,414.59,410.88,282.82,277.14,344.01,341.12,302.93,298.31,295.21,290.35,306.36,302.80,297.79,293.47
9/1/2020,250.13,246.38,277.86,275.52,267.48,264.68,421.84,419.24,286.70,282.96,349.51,348.28,305.93,302.65,298.18,294.86,308.61,305.64,301.47,298.27
10/1/2020,251.80,250.07,280.75,278.97,270.29,268.23,426.30,425.48,291.38,289.32,353.93,353.77,310.09,307.96,300.45,298.16,311.61,310.66,304.70,302.89
11/1/2020,252.78,252.95,281.78,280.75,272.79,271.64,432.11,433.56,294.10,293.75,358.06,359.79,312.87,312.03,300.23,300.45,312.18,312.38,306.80,306.55
12/1/2020,253.79,256.46,284.86,285.08,274.29,275.54,436.82,440.75,295.91,297.31,360.08,364.17,315.30,316.03,301.60,304.00,315.33,316.77,308.97,310.71
1/1/2021,255.22,259.16,287.40,288.34,277.38,278.74,441.65,447.26,298.73,300.60,364.27,367.94,318.38,319.92,304.23,307.96,318.28,321.01,311.87,314.43
2/1/2021,258.84,260.67,290.49,290.13,278.14,279.75,452.08,453.22,299.30,302.13,373.20,373.88,323.09,322.65,308.29,310.24,323.37,324.19,316.45,317.19
3/1/2021,264.19,263.25,296.05,294.18,284.03,283.50,464.45,461.58,310.00,308.14,382.20,379.50,331.93,329.04,314.05,312.17,329.51,327.88,323.82,321.71
4/1/2021,270.24,266.58,301.97,299.04,291.69,288.74,478.84,471.26,317.69,312.27,391.71,385.88,337.83,333.10,320.57,316.03,336.57,332.77,331.18,326.53
5/1/2021,276.04,269.76,309.76,305.13,297.22,291.49,490.22,481.14,326.44,319.82,401.91,394.55,345.21,338.91,328.98,321.08,342.19,336.28,338.60,331.83
6/1/2021,282.25,274.81,315.92,309.98,300.58,294.81,503.63,495.03,331.01,322.58,407.43,400.87,352.77,345.99,333.53,325.62,350.75,343.65,345.21,337.89
7/1/2021,283.98,277.23,321.54,315.13,304.60,297.84,513.00,504.34,335.98,327.90,412.10,407.86,359.13,352.68,336.45,328.70,355.12,350.07,349.77,343.04
8/1/2021,284.00,279.18,324.19,320.04,304.02,300.11,518.90,514.58,335.01,328.47,415.98,412.41,365.00,359.54,337.12,331.61,357.48,353.35,352.13,347.16
9/1/2021,285.73,281.51,326.92,324.22,305.34,302.35,521.43,518.46,337.69,333.17,417.57,416.38,366.78,362.72,338.88,335.03,363.61,359.97,354.55,350.82
10/1/2021,286.58,284.81,331.21,328.87,308.62,306.20,527.08,526.29,337.57,335.17,422.82,422.88,371.21,368.54,340.46,338.17,365.03,363.91,357.51,355.44
11/1/2021,287.97,288.25,336.13,334.79,310.41,309.28,532.41,534.88,339.05,339.31,425.22,427.67,376.75,375.94,339.91,340.50,368.98,369.63,360.53,360.49
12/1/2021,288.81,292.05,337.86,338.29,310.38,312.25,537.93,543.74,344.00,346.27,429.74,435.24,380.91,382.16,343.36,346.43,372.13,373.96,363.36,365.77
1/1/2022,291.81,296.37,341.17,342.69,315.39,317.42,543.89,551.90,347.16,349.87,437.48,442.22,386.88,389.00,344.66,349.09,376.21,379.61,367.94,371.25
2/1/2022,297.47,299.77,348.61,348.16,319.46,321.23,560.36,562.13,351.35,355.04,445.56,446.62,397.60,397.07,353.34,355.57,382.89,384.01,375.76,376.73
3/1/2022,303.84,302.71,355.55,353.32,326.07,325.46,576.82,573.06,360.70,358.31,454.98,451.69,406.32,402.88,358.55,356.50,388.91,387.21,383.62,381.13
4/1/2022,310.01,305.60,359.12,355.25,331.58,327.64,589.13,578.80,371.62,364.22,462.16,454.73,415.80,409.96,368.32,362.56,400.16,395.19,391.84,385.92
5/1/2022,315.93,308.19,366.17,360.55,338.13,331.01,595.56,583.24,377.68,369.42,462.97,453.87,422.65,414.82,374.47,364.91,406.83,399.28,397.72,389.26
6/1/2022,316.98,308.38,371.44,364.09,340.77,333.87,591.59,580.59,377.56,367.21,459.40,451.13,426.61,417.69,373.94,364.85,409.48,400.87,399.05,390.07
7/1/2022,315.65,308.01,371.31,363.72,340.14,332.29,583.60,573.13,374.74,365.32,451.19,446.33,423.73,415.95,373.76,365.07,406.82,400.83,396.25,388.41
8/1/2022,312.99,307.76,369.03,364.45,334.95,330.86,570.34,565.56,373.17,365.98,446.86,442.74,421.04,414.93,370.68,364.61,404.00,399.39,392.51,387.02
9/1/2022,314.15,309.62,370.14,367.19,335.59,332.47,568.48,565.42,367.46,362.19,445.26,444.26,420.96,416.33,369.85,365.68,403.47,399.17,392.19,388.11
10/1/2022,311.53,309.83,368.97,366.24,333.97,331.30,568.37,567.69,369.27,366.67,442.10,442.45,420.91,417.87,369.12,367.12,402.35,401.25,390.88,388.74
11/1/2022,310.44,310.85,365.73,364.25,335.72,334.75,560.43,563.34,367.49,368.40,434.48,437.34,420.10,419.48,368.43,369.27,402.27,403.33,388.97,389.17
12/1/2022,308.79,312.42,369.08,369.99,333.38,335.90,554.41,560.97,363.37,366.33,431.43,437.47,418.49,420.19,364.77,368.39,400.15,402.28,386.84,389.76
1/1/2023,309.33,314.28,369.05,371.14,333.29,335.84,552.33,561.20,368.57,371.76,431.49,436.30,420.53,423.06,364.81,369.61,395.45,399.32,386.87,390.60
2/1/2023,313.15,315.74,376.05,375.74,336.87,338.68,567.45,569.42,371.56,375.47,435.69,436.87,425.10,424.48,371.16,373.44,403.85,405.19,392.49,393.57
3/1/2023,320.43,319.19,377.54,375.32,342.14,341.40,565.77,561.71,381.15,378.47,441.06,437.73,430.75,427.18,377.51,375.32,408.12,406.59,397.81,395.20
4/1/2023,326.65,321.85,379.65,375.42,350.29,345.75,576.32,565.47,392.03,383.42,446.90,439.19,435.43,429.03,383.99,377.45,412.14,406.62,403.87,397.38
5/1/2023,333.98,325.34,383.68,377.80,354.62,346.65,578.77,565.70,392.24,383.04,455.76,446.35,440.70,432.15,390.03,379.56,416.88,408.64,409.45,400.25
6/1/2023,335.11,325.80,385.60,377.65,358.50,350.94,583.98,572.33,403.94,392.31,457.56,448.66,445.37,435.20,392.88,383.09,416.57,407.61,412.39,402.64
7/1/2023,337.35,329.06,389.43,381.58,363.32,354.65,587.62,576.74,404.21,393.82,455.20,450.18,449.33,440.73,394.86,385.55,416.80,410.65,414.52,406.13
8/1/2023,338.87,333.30,388.50,383.88,364.85,360.67,585.88,581.04,405.66,398.02,458.00,453.55,448.35,441.91,394.99,388.45,417.09,412.40,415.11,409.36
9/1/2023,339.88,335.11,388.29,385.44,364.19,360.86,588.13,585.24,409.33,403.35,455.76,454.92,451.66,446.63,393.02,388.62,421.22,416.68,416.23,411.95
10/1/2023,339.50,337.78,391.39,388.31,366.86,364.00,586.38,585.88,408.68,405.85,456.51,457.10,451.55,448.19,393.33,391.59,416.98,415.95,416.11,413.90
11/1/2023,339.34,339.88,393.02,391.24,366.85,365.98,586.46,589.49,402.20,403.63,456.32,459.57,451.92,451.32,392.17,393.08,415.92,417.20,415.73,416.04
12/1/2023,336.67,340.69,391.89,392.98,364.35,367.38,584.07,591.30,400.63,404.27,453.52,460.09,451.34,453.26,386.73,390.75,413.96,416.32,413.48,416.74
1/1/2024,335.54,340.94,387.54,389.91,363.37,366.39,584.50,594.33,401.33,405.12,454.20,459.32,447.29,449.97,391.12,396.29,414.35,418.62,412.63,416.70
2/1/2024,342.29,345.22,394.98,394.60,372.49,374.53,592.92,595.08,415.19,419.68,466.80,468.18,456.87,456.13,397.96,400.34,418.79,420.30,421.14,422.32
3/1/2024,348.61,347.22,396.28,393.89,378.91,378.04,600.48,595.94,418.41,415.50,467.43,463.77,460.32,456.47,402.02,399.57,422.57,421.10,425.32,422.48
4/1/2024,353.36,348.05,404.40,399.76,382.63,377.48,607.52,595.61,427.30,417.51,474.09,465.62,466.00,458.96,410.22,402.86,426.66,420.69,431.16,423.99
5/1/2024,359.57,349.94,403.77,397.49,387.74,378.75,611.61,597.06,429.19,418.84,474.36,464.25,468.62,459.24,412.51,401.17,428.80,419.96,434.22,424.13
6/1/2024,361.42,351.21,410.22,401.48,386.89,378.49,606.54,593.89,430.90,418.12,473.35,463.69,471.84,460.61,411.29,400.86,429.10,419.68,435.16,424.56
7/1/2024,363.95,354.95,408.93,400.70,389.49,380.05,607.69,596.22,433.22,422.02,472.20,466.87,468.00,458.87,412.46,402.61,425.32,418.99,434.75,425.83
8/1/2024,361.83,355.91,409.04,404.33,386.32,382.02,604.38,599.56,431.12,423.02,472.34,467.54,466.46,459.88,413.27,406.40,425.93,421.16,433.59,427.61
9/1/2024,361.96,356.93,411.76,408.83,390.68,387.23,611.67,608.98,435.80,429.47,470.45,469.62,467.50,462.26,414.34,409.82,426.45,421.85,435.04,430.62
10/1/2024,362.02,360.28,413.47,410.15,392.27,389.30,608.83,608.50,432.70,429.71,466.88,467.62,468.20,464.72,411.12,409.54,427.02,426.08,434.56,432.32